Date,eps
2014-09-18,-7.601978112331114
2014-09-19,-7.3777938290247445
2014-09-20,3.373480894981871
2014-09-21,-2.6344088547388465
2014-09-22,0.694098587353118
2014-09-23,7.895615983404669
2014-09-24,-3.068250293235908
2014-09-25,-2.9244247167428825
2014-09-26,-1.8899001239428115
2014-09-27,-1.3578905973702993
2014-09-28,-5.8915051319434175
2014-09-29,-0.593099518239457
2014-09-30,2.873293789428595
2014-10-01,-1.0016990301677695
2014-10-02,-2.3897866537876005
2014-10-03,-4.374687546848321
2014-10-04,-9.04736031374971
2014-10-05,-2.711328718261086
2014-10-06,2.8042112509821693
2014-10-07,1.695910757550894
2014-10-08,4.72540601332711
2014-10-09,3.229407889089726
2014-10-10,-1.0911449660130494
2014-10-11,0.06598718655080504
2014-10-12,4.249925382826444
2014-10-13,2.9485735775452073
2014-10-14,2.5053024761076768
2014-10-15,-1.6702660876201896
2014-10-16,-3.2812324970414957
2014-10-17,0.17606570231146396
2014-10-18,1.844875664444011
2014-10-19,-0.6231817961381207
2014-10-20,-1.8728152026976415
2014-10-21,0.8060557983711975
2014-10-22,-0.9996219298654365
2014-10-23,-6.812674811070514
2014-10-24,-0.15773082789172568
2014-10-25,-3.2767199164475627
2014-10-26,1.9801793377917525
2014-10-27,-0.6223163339500184
2014-10-28,1.1652046008583494
2014-10-29,-6.494867288518793
2014-10-30,2.7158466489831095
2014-10-31,-2.1809301699479575
2014-11-01,-3.9244497064818655
2014-11-02,-0.09375215098816592
2014-11-03,0.3710420138750983
2014-11-04,0.7553153568553026
2014-11-05,2.547379022038281
2014-11-06,2.7093430464969743
2014-11-07,-2.1255500480872325
2014-11-08,0.7558022763772733
2014-11-09,4.879550410538437
2014-11-10,0.8648479281974709
2014-11-11,0.07226073698804159
2014-11-12,14.006731238524
2014-11-13,-0.807083543070253
2014-11-14,-5.738497988811693
2014-11-15,-5.742823449030685
2014-11-16,2.93819175346206
2014-11-17,-0.2599195896508751
2014-11-18,-3.3400922704346665
2014-11-19,1.2800382862742223
2014-11-20,-6.292117534247362
2014-11-21,-2.1109320587994604
2014-11-22,0.4511952150243287
2014-11-23,3.930406269320437
2014-11-24,2.3684193041108776
2014-11-25,-0.5505411878367239
2014-11-26,-2.014214956907719
2014-11-27,0.21464675381182147
2014-11-28,1.6790061010626776
2014-11-29,-0.3919177334626082
2014-11-30,0.5407593068479244
2014-12-01,0.1787472611773922
2014-12-02,0.4066960270137596
2014-12-03,-1.804952324718199
2014-12-04,-1.5896975508228617
2014-12-05,1.804925213854725
2014-12-06,-0.6881746885699759
2014-12-07,-0.05496374895049776
2014-12-08,-3.7162970884447537
2014-12-09,-2.8516094946056687
2014-12-10,-1.8136450439043186
2014-12-11,1.0508324758599477
2014-12-12,0.4415453095328338
2014-12-13,-1.6138384731123545
2014-12-14,1.0800924403676109
2014-12-15,-1.9417650626499112
2014-12-16,-5.577055967161322
2014-12-17,-2.390546744281272
2014-12-18,-2.7931782149611837
2014-12-19,1.9115677930711987
2014-12-20,3.602535356246907
2014-12-21,-2.938385639337181
2014-12-22,3.246319870706729
2014-12-23,0.6684150807436012
2014-12-24,-3.801995957958829
2014-12-25,-1.2368809347795158
2014-12-26,2.618931142701173
2014-12-27,-3.8849742295437237
2014-12-28,0.2970449999946327
2014-12-29,-1.5883541885759227
2014-12-30,-0.7577900509289845
2014-12-31,2.8600593990842658
2015-01-01,-2.01147048564726
2015-01-02,0.11121893114276224
2015-01-03,-11.540424769890826
2015-01-04,-6.333537971550485
2015-01-05,3.6792610687748746
2015-01-06,4.04194503028077
2015-01-07,2.6696542978485
2015-01-08,-3.9422468482493804
2015-01-09,2.323101469826198
2015-01-10,-5.663425683019226
2015-01-11,-3.518808826028263
2015-01-12,0.6631719783839398
2015-01-13,-17.16821569233961
2015-01-14,-23.893414546956627
2015-01-15,16.262592281976808
2015-01-16,-0.9736481835060588
2015-01-17,-4.477027066156691
2015-01-18,5.273362932292087
2015-01-19,1.9894305876217753
2015-01-20,-1.8017779400006693
2015-01-21,6.976983125773229
2015-01-22,2.690683758964354
2015-01-23,-0.3636885605062743
2015-01-24,6.0916194880471854
2015-01-25,2.203537240578333
2015-01-26,7.360301409096429
2015-01-27,-3.862078722471688
2015-01-28,-12.037716715790522
2015-01-29,-0.3096450607653087
2015-01-30,-3.2200404403650165
2015-01-31,-4.175686735598946
2015-02-01,4.141689206205837
2015-02-02,4.702931997144134
2015-02-03,-4.847888083867109
2015-02-04,-0.3204174819564573
2015-02-05,-4.526993796760988
2015-02-06,2.2089753301435358
2015-02-07,2.301476756954552
2015-02-08,-2.0624907454453867
2015-02-09,-1.6266617782868833
2015-02-10,-0.26083733352678234
2015-02-11,-0.435579984332799
2015-02-12,1.0321246573751957
2015-02-13,5.8410677471490775
2015-02-14,8.754706381999462
2015-02-15,-9.286027581446044
2015-02-16,-0.5567012934935074
2015-02-17,3.9542198503457553
2015-02-18,-3.173279356698801
2015-02-19,1.5228760367465868
2015-02-20,1.306826057731739
2015-02-21,0.17158088977218117
2015-02-22,-3.6996410690177877
2015-02-23,1.0900765970059676
2015-02-24,-0.20338370583640714
2015-02-25,-0.66892778457009
2015-02-26,-0.5782493942884197
2015-02-27,6.964521297340724
2015-02-28,0.033585251824004486
2015-03-01,2.1712640200326963
2015-03-02,5.636988042279528
2015-03-03,2.026878301075181
2015-03-04,-3.241741665675364
2015-03-05,0.9860414917758223
2015-03-06,-1.3965449538146242
2015-03-07,1.1512993059483105
2015-03-08,-0.8303193976156333
2015-03-09,5.272912541689622
2015-03-10,0.6030337053582535
2015-03-11,1.4331023349689316
2015-03-12,-0.8232325353063433
2015-03-13,-3.2488610353602603
2015-03-14,-1.354816652185749
2015-03-15,1.4489361236964577
2015-03-16,1.3182176049154903
2015-03-17,-1.9040489019033937
2015-03-18,-10.929121365166273
2015-03-19,1.6523336339518515
2015-03-20,0.17650304643125908
2015-03-21,-0.7984675462752532
2015-03-22,2.8683497010615606
2015-03-23,-0.5939749142308761
2015-03-24,-8.39669518275269
2015-03-25,0.10717810436330086
2015-03-26,0.8063116827761202
2015-03-27,-0.7442263714394886
2015-03-28,2.170857048281731
2015-03-29,-4.208753243391628
2015-03-30,1.825953616024838
2015-03-31,-1.4806227968853634
2015-04-01,1.1026695224910292
2015-04-02,2.154388255685058
2015-04-03,0.3815504507362193
2015-04-04,-0.38369690486157304
2015-04-05,2.546186308934867
2015-04-06,-2.11642739232738
2015-04-07,-1.046687589370371
2015-04-08,-3.4129083869123793
2015-04-09,-0.6884992357550451
2015-04-10,-3.3079013361850467
2015-04-11,0.0654765581874851
2015-04-12,-0.3064595609951296
2015-04-13,-5.159314455382303
2015-04-14,-2.5842136741657202
2015-04-15,1.9726296661845026
2015-04-16,1.9578990806169139
2015-04-17,-2.6589555170068566
2015-04-18,0.07479932918241314
2015-04-19,-0.4766887387950041
2015-04-20,0.7683932242524957
2015-04-21,4.49162699622796
2015-04-22,-0.6033010885086418
2015-04-23,0.8338164758826178
2015-04-24,-2.3586737784791847
2015-04-25,-2.2694491353773074
2015-04-26,-3.260236135106324
2015-04-27,4.2560441271741425
2015-04-28,-1.6453361363372294
2015-04-29,-0.15845367754218098
2015-04-30,4.338453652784911
2015-05-01,-1.8744662874043097
2015-05-02,1.0833327953068084
2015-05-03,2.146548946017422
2015-05-04,-0.6967030288874085
2015-05-05,-1.3570920544989509
2015-05-06,-2.8589801506714005
2015-05-07,3.0960976939983706
2015-05-08,2.576175906783181
2015-05-09,-0.973977597145365
2015-05-10,-0.7748184616299535
2015-05-11,0.6342476773909973
2015-05-12,-0.5705301508645557
2015-05-13,-2.1210000349870115
2015-05-14,0.09561083991568578
2015-05-15,0.14726612823745028
2015-05-16,-0.7506143496531992
2015-05-17,0.136802765930766
2015-05-18,-1.7013102536983697
2015-05-19,-0.6455190446873195
2015-05-20,0.7512704320842758
2015-05-21,0.42737602778377637
2015-05-22,1.9663224418415033
2015-05-23,-0.7536514475364814
2015-05-24,0.7297657337745146
2015-05-25,-1.7454164804745864
2015-05-26,-0.13511394835322413
2015-05-27,-0.06723498541184941
2015-05-28,-0.08497715780326694
2015-05-29,-0.26915369708875747
2015-05-30,-1.7323472681087635
2015-05-31,-1.4989414867189028
2015-06-01,-3.3441640611949515
2015-06-02,1.1446625350012893
2015-06-03,-0.10620497946897324
2015-06-04,-0.8262262092736806
2015-06-05,0.14191394765044862
2015-06-06,0.15842929075767276
2015-06-07,-1.3586198565239926
2015-06-08,2.347365025917583
2015-06-09,0.10671145361086748
2015-06-10,-0.24466925726808314
2015-06-11,0.25581108796474133
2015-06-12,-0.017129328991259712
2015-06-13,0.9091148191720094
2015-06-14,0.35211814171883554
2015-06-15,1.2570377256010237
2015-06-16,5.634509354577512
2015-06-17,-0.7818176863083021
2015-06-18,-0.2488201313414412
2015-06-19,-1.9208689415716425
2015-06-20,0.10979711559232197
2015-06-21,-0.6560903623179947
2015-06-22,1.1032750488364305
2015-06-23,-1.2343675888662253
2015-06-24,-1.6974601153166486
2015-06-25,0.807503886971385
2015-06-26,0.18925269928729233
2015-06-27,2.85338086757241
2015-06-28,-0.9292470992282572
2015-06-29,3.0451554542723507
2015-06-30,2.1726231572457007
2015-07-01,-1.8440476573312314
2015-07-02,-1.3862170354868186
2015-07-03,0.22347105628678543
2015-07-04,1.6217969726997805
2015-07-05,4.002223367477664
2015-07-06,-1.2035678504743186
2015-07-07,-1.192511859925455
2015-07-08,1.567452723632007
2015-07-09,-0.7142999109316587
2015-07-10,5.518220253119437
2015-07-11,2.7071335223439705
2015-07-12,5.742376197540175
2015-07-13,-6.380294473049406
2015-07-14,-1.7217499694066247
2015-07-15,-0.7080262683868949
2015-07-16,-2.882902718977703
2015-07-17,0.3584456838116919
2015-07-18,-1.7867448095022547
2015-07-19,-0.6069062380026063
2015-07-20,1.8048800541185375
2015-07-21,-1.2724426040912062
2015-07-22,0.36465062237153134
2015-07-23,-0.5616577744474452
2015-07-24,4.197048799159742
2015-07-25,0.00758891012243873
2015-07-26,1.2346283969506624
2015-07-27,0.1823205322390588
2015-07-28,0.13546581093597498
2015-07-29,-1.7941414331075771
2015-07-30,-0.7847863288333066
2015-07-31,-1.21107795880663
2015-08-01,-1.2145541698657238
2015-08-02,0.22144051809245657
2015-08-03,-0.6296351424412219
2015-08-04,1.2715188876347367
2015-08-05,-1.3141681816085309
2015-08-06,-1.31704455146548
2015-08-07,0.22354129107969878
2015-08-08,-7.017381171371359
2015-08-09,1.415763544224086
2015-08-10,-0.3691616009101966
2015-08-11,2.074625921074537
2015-08-12,-1.6318075993422436
2015-08-13,-1.0033264373598643
2015-08-14,0.4664082828694378
2015-08-15,-1.703970590700179
2015-08-16,-1.308297504467188
2015-08-17,-0.3432550028953272
2015-08-18,-20.201059229868836
2015-08-19,6.994812638359543
2015-08-20,3.6140361330417834
2015-08-21,-1.3263267513228767
2015-08-22,-1.0789863763405703
2015-08-23,-1.1063342156341869
2015-08-24,-8.200116357060168
2015-08-25,5.007623192383437
2015-08-26,1.7495935274300183
2015-08-27,-0.6090138131902918
2015-08-28,2.768088600656036
2015-08-29,-0.8384617505762816
2015-08-30,-0.5820956718836331
2015-08-31,0.42685291444030116
2015-09-01,-0.9822986892609795
2015-09-02,0.3708765395465452
2015-09-03,-1.058197071911248
2015-09-04,1.2241856318355597
2015-09-05,1.8915779533151942
2015-09-06,1.8929239117681935
2015-09-07,-0.13472284981655708
2015-09-08,1.4178598471198631
2015-09-09,-2.395637504972119
2015-09-10,-0.007984329937732987
2015-09-11,0.5435314371030628
2015-09-12,-2.190154057622819
2015-09-13,-2.1633061101094126
2015-09-14,-0.08039391447995155
2015-09-15,-0.28516349908373706
2015-09-16,-0.6657289557818669
2015-09-17,0.17571205188525935
2015-09-18,1.2301877950386002
2015-09-19,-0.7757988702849256
2015-09-20,-0.25909862639738623
2015-09-21,-1.938706652844735
2015-09-22,1.4061789350113778
2015-09-23,-0.28300675812805376
2015-09-24,1.6893839296554893
2015-09-25,0.12423732373950824
2015-09-26,-0.4801473858799651
2015-09-27,-0.8154459435969528
2015-09-28,2.5686073486748775
2015-09-29,-1.1695362373179616
2015-09-30,-0.40290085287083766
2015-10-01,0.4911471393272415
2015-10-02,-0.24546696054224
2015-10-03,0.4661096952593078
2015-10-04,-0.33512897577554623
2015-10-05,0.749870789241024
2015-10-06,2.197771871340021
2015-10-07,-1.4030205996580114
2015-10-08,-0.41171293712831347
2015-10-09,0.5315827767752258
2015-10-10,0.2755514404471037
2015-10-11,0.7196985876214651
2015-10-12,-0.8452629233209971
2015-10-13,1.559997283313443
2015-10-14,0.8518038300235431
2015-10-15,0.7831485960014468
2015-10-16,3.1685988341026268
2015-10-17,2.775738490630776
2015-10-18,-3.518500887960582
2015-10-19,0.5456865028506996
2015-10-20,2.1240412087660063
2015-10-21,-1.32892120937163
2015-10-22,2.7317297279107358
2015-10-23,0.7607850393317066
2015-10-24,1.7106545559385595
2015-10-25,0.5791048740933952
2015-10-26,0.4317968951239002
2015-10-27,2.794075427370957
2015-10-28,3.4823740622530477
2015-10-29,2.849613056659875
2015-10-30,4.275182291093962
2015-10-31,-4.451435244553008
2015-11-01,3.385256565371146
2015-11-02,10.287446735964236
2015-11-03,10.919296289260513
2015-11-04,1.8614901310041754
2015-11-05,-6.45844505765302
2015-11-06,-3.2618791518103043
2015-11-07,3.019715507384081
2015-11-08,-3.589715203601515
2015-11-09,1.6906320575615688
2015-11-10,-12.267804490626801
2015-11-11,-8.085910473182162
2015-11-12,8.205607234372167
2015-11-13,-0.5522255950831128
2015-11-14,-1.2865940911910951
2015-11-15,-4.039705064964159
2015-11-16,3.1149853079568404
2015-11-17,1.1668794191829455
2015-11-18,-0.2881611239017687
2015-11-19,-2.692802896223595
2015-11-20,-1.4110845667973977
2015-11-21,1.3740604337056581
2015-11-22,-0.871683733492102
2015-11-23,-0.597823601499011
2015-11-24,-1.0706422745281956
2015-11-25,2.3800306523100536
2015-11-26,7.05545742251775
2015-11-27,1.370140127734936
2015-11-28,-0.3224233046972842
2015-11-29,3.681531567203299
2015-11-30,1.4725673540685005
2015-12-01,-4.148136371451623
2015-12-02,-1.052464159552298
2015-12-03,0.3785739477129305
2015-12-04,0.45251014933277023
2015-12-05,6.7164935051111785
2015-12-06,-0.180335243255773
2015-12-07,1.584408392161428
2015-12-08,4.801593493238326
2015-12-09,0.34247739209220796
2015-12-10,-0.6379752116356682
2015-12-11,8.273646547418148
2015-12-12,-3.9582250485941644
2015-12-13,-0.42357159855877435
2015-12-14,2.2378103938479548
2015-12-15,4.51166872443545
2015-12-16,-2.395161837980829
2015-12-17,0.11350914124912698
2015-12-18,1.5016333672181292
2015-12-19,-0.417144909313403
2015-12-20,-4.477957778529757
2015-12-21,-1.0558112059044724
2015-12-22,-0.6099909108241617
2015-12-23,1.1886993397000047
2015-12-24,2.6671276394052703
2015-12-25,0.009073898778681422
2015-12-26,-8.936496934950938
2015-12-27,1.1834168400199827
2015-12-28,-0.2663863750058718
2015-12-29,2.3655826869930188
2015-12-30,-1.6181224364714937
2015-12-31,0.7832806630331379
2016-01-01,0.7334515266100768
2016-01-02,-0.34415505969429727
2016-01-03,-0.9314409053347363
2016-01-04,0.576068754069804
2016-01-05,-0.39913338679177296
2016-01-06,-0.8007731729092883
2016-01-07,6.389589137492653
2016-01-08,-1.1950674008380364
2016-01-09,-1.3851642376004532
2016-01-10,-0.052782778273495576
2016-01-11,-0.04014132682871435
2016-01-12,-3.0193596721706286
2016-01-13,-0.9023395797863244
2016-01-14,-0.616386810187784
2016-01-15,-16.78102352408388
2016-01-16,6.036956777534349
2016-01-17,-1.4982151069140963
2016-01-18,1.1279221164775461
2016-01-19,-1.9671888991246962
2016-01-20,9.886253015544758
2016-01-21,-2.538267262214277
2016-01-22,-7.146464440202777
2016-01-23,1.160843630796193
2016-01-24,3.7795573897721
2016-01-25,-2.967840017922751
2016-01-26,-0.028697106559551655
2016-01-27,0.5786299652547913
2016-01-28,-3.9259774128821716
2016-01-29,-0.35218430925360955
2016-01-30,-0.45939264299992183
2016-01-31,-2.678001058282427
2016-02-01,1.0187108142415409
2016-02-02,0.23479645551444472
2016-02-03,-1.3464194113851944
2016-02-04,5.036355406669407
2016-02-05,-0.9222918344839716
2016-02-06,-2.7658610906034027
2016-02-07,-0.11162082786585648
2016-02-08,-0.9837069188746544
2016-02-09,0.5513746647995089
2016-02-10,1.3458627520823252
2016-02-11,-0.6617443710097104
2016-02-12,1.0690495523691141
2016-02-13,1.820095052890501
2016-02-14,3.7097137635982476
2016-02-15,-1.8827659258182066
2016-02-16,1.670813650983543
2016-02-17,2.007104706640483
2016-02-18,1.3053368783114552
2016-02-19,-0.5143183240165687
2016-02-20,3.6809961007752507
2016-02-21,0.23543359044559942
2016-02-22,-0.3772239948382229
2016-02-23,-4.101425935091267
2016-02-24,0.860127877994886
2016-02-25,-0.23440126555790347
2016-02-26,1.6385300193215482
2016-02-27,-0.05275419975257678
2016-02-28,0.0898303525026673
2016-02-29,0.8249421221766515
2016-03-01,-0.7274582302190421
2016-03-02,-2.7297603427048003
2016-03-03,-0.6906013750155522
2016-03-04,-2.710961624173165
2016-03-05,-2.6932652632425116
2016-03-06,1.6283799943872381
2016-03-07,1.4715859536227338
2016-03-08,-0.22191983231003556
2016-03-09,0.07663465111140519
2016-03-10,0.40828412415606496
2016-03-11,0.949367292175827
2016-03-12,-2.5536588597212537
2016-03-13,0.45362481566572666
2016-03-14,0.4338160639239018
2016-03-15,-0.04355602138405848
2016-03-16,-0.09422950142755036
2016-03-17,0.7243198382768279
2016-03-18,-2.805450321850628
2016-03-19,0.08089485307624872
2016-03-20,0.6658091857188031
2016-03-21,-0.24597782222594405
2016-03-22,1.0127198089660752
2016-03-23,-0.1491254587455289
2016-03-24,-0.5323950871127971
2016-03-25,0.050220956263689776
2016-03-26,0.04628356158419439
2016-03-27,1.950725234733501
2016-03-28,-0.7331885893410856
2016-03-29,-1.9729663687373549
2016-03-30,-0.5466213736928012
2016-03-31,0.3224638467464792
2016-04-01,0.15731439344251757
2016-04-02,0.5568948124652817
2016-04-03,-0.1302762339682489
2016-04-04,-0.009427907210642128
2016-04-05,0.4740864235664619
2016-04-06,-0.2832585747646206
2016-04-07,-0.29553299306247605
2016-04-08,-0.7060262526288774
2016-04-09,-0.36103745785015745
2016-04-10,0.3743791928143534
2016-04-11,0.08011897886406644
2016-04-12,0.5010490268164199
2016-04-13,-0.4806642951459292
2016-04-14,-0.008399159425095393
2016-04-15,1.1342784566450779
2016-04-16,0.06205327840922681
2016-04-17,-0.8772993957364558
2016-04-18,0.14086899119300839
2016-04-19,1.4635945978672589
2016-04-20,1.2034691830955868
2016-04-21,1.6665940844820093
2016-04-22,-0.9616299852563721
2016-04-23,0.8768561026807827
2016-04-24,1.6829713041374155
2016-04-25,0.48650283956383455
2016-04-26,0.8678466713289194
2016-04-27,-4.838231968990566
2016-04-28,0.8300235654207412
2016-04-29,1.2086763928662387
2016-04-30,-1.6384192965384425
2016-05-01,0.6526376147257466
2016-05-02,-1.7451823442272305
2016-05-03,1.1216248827765356
2016-05-04,-0.9362864903989373
2016-05-05,0.14268156890777406
2016-05-06,2.4246947507939307
2016-05-07,-0.37006674928015026
2016-05-08,-0.13502744465032307
2016-05-09,0.28345278836662313
2016-05-10,-2.241790023755064
2016-05-11,0.2680594593318308
2016-05-12,0.3115055011298708
2016-05-13,0.0609481192039604
2016-05-14,-0.13742868412375359
2016-05-15,0.2778026717284723
2016-05-16,-0.8845770506692855
2016-05-17,-0.22134949797674908
2016-05-18,0.04641621685169822
2016-05-19,-3.6986118018829486
2016-05-20,0.7611692756370223
2016-05-21,-0.022051106357595718
2016-05-22,-1.0135561600178198
2016-05-23,0.9562266701391736
2016-05-24,0.27262944608433465
2016-05-25,0.6703319934240599
2016-05-26,0.7006952266093439
2016-05-27,4.195997305992553
2016-05-28,11.150014648727451
2016-05-29,-0.8584838224123372
2016-05-30,1.302069481854088
2016-05-31,-0.602891871141136
2016-06-01,0.8983984068259666
2016-06-02,0.058098029683011476
2016-06-03,5.503835582792377
2016-06-04,0.4811443649442241
2016-06-05,0.25444467024647577
2016-06-06,1.682290107305115
2016-06-07,-1.6762227159990108
2016-06-08,0.7340343570730077
2016-06-09,-1.3510395631766063
2016-06-10,0.355364837443285
2016-06-11,4.804604787118272
2016-06-12,10.19689720015809
2016-06-13,4.451151916017071
2016-06-14,-2.8454106703461512
2016-06-15,1.1536491869601218
2016-06-16,9.706020972692512
2016-06-17,-2.4343109762292023
2016-06-18,0.8347675880830776
2016-06-19,0.8563094457276379
2016-06-20,-3.676302486564072
2016-06-21,-10.200280467471993
2016-06-22,-11.320924122542923
2016-06-23,4.430173661969838
2016-06-24,6.2746658288855555
2016-06-25,-0.1641045851087605
2016-06-26,-5.663383529149965
2016-06-27,3.896404278407877
2016-06-28,-1.4083658214332067
2016-06-29,-1.242792437055742
2016-06-30,4.957317082549434
2016-07-01,0.3008540104505034
2016-07-02,3.8347698231520346
2016-07-03,-6.751789525972424
2016-07-04,3.5873651626097818
2016-07-05,-2.062693805913864
2016-07-06,0.8570519008651528
2016-07-07,-5.7190561423126764
2016-07-08,3.8352298738423265
2016-07-09,-2.5002862866311277
2016-07-10,-0.38374202222452003
2016-07-11,-0.39993518719637505
2016-07-12,2.437091487985682
2016-07-13,-1.666537409617873
2016-07-14,0.41243210817945763
2016-07-15,0.645963922736942
2016-07-16,-0.5134643869938981
2016-07-17,2.651911522492568
2016-07-18,-1.0770452467215015
2016-07-19,-0.173602846669762
2016-07-20,-1.210309726630364
2016-07-21,-0.23878904033760628
2016-07-22,-2.3257305614846104
2016-07-23,0.6183100785781743
2016-07-24,0.7324664539925588
2016-07-25,-1.2305665831117403
2016-07-26,-0.49188518838738765
2016-07-27,0.2555773869519199
2016-07-28,-0.03332189453837443
2016-07-29,0.1606790241333516
2016-07-30,-0.43412941998410304
2016-07-31,-4.884224638768294
2016-08-01,-3.128891272286605
2016-08-02,-10.340653336505127
2016-08-03,3.2546043849754303
2016-08-04,1.9476260687995843
2016-08-05,-0.7005303814991499
2016-08-06,2.0528048959705276
2016-08-07,0.6945719514104854
2016-08-08,-0.4140519750573376
2016-08-09,-0.6895342588388855
2016-08-10,0.5915724004814288
2016-08-11,-0.6427192635193332
2016-08-12,-0.40296174882929336
2016-08-13,-0.473663990316522
2016-08-14,-2.75270416392872
2016-08-15,-0.7059833245587892
2016-08-16,1.644394657664498
2016-08-17,-0.8716668906789291
2016-08-18,0.054419301055180586
2016-08-19,0.09054337104819354
2016-08-20,0.9108198900500512
2016-08-21,-0.20454522034258354
2016-08-22,0.7946793531934149
2016-08-23,-0.7081631002867612
2016-08-24,-0.6933301558930651
2016-08-25,-0.5558024491228448
2016-08-26,0.18895053178023896
2016-08-27,-1.8259218208203576
2016-08-28,0.5556210622210633
2016-08-29,-0.10367015740111361
2016-08-30,0.45214104073779005
2016-08-31,-0.48995037670598385
2016-09-01,-0.6898443437484033
2016-09-02,0.42585321158576717
2016-09-03,3.726523861580147
2016-09-04,1.5895461574042842
2016-09-05,-0.4740332006404435
2016-09-06,0.49438295188728265
2016-09-07,0.5330696170200627
2016-09-08,1.7598032869168727
2016-09-09,-0.690801574468447
2016-09-10,-0.033669172693321966
2016-09-11,-2.8673843234562835
2016-09-12,0.11322701281614428
2016-09-13,0.026309398065062134
2016-09-14,0.09892790312784974
2016-09-15,-0.7171943882287741
2016-09-16,-0.1676244869464672
2016-09-17,-0.3007178410638339
2016-09-18,0.5022389325921258
2016-09-19,-0.24379232306257434
2016-09-20,-0.28794260975675273
2016-09-21,-1.9897716064697426
2016-09-22,-0.2802573499754575
2016-09-23,0.9538178104147225
2016-09-24,-0.17364232157440782
2016-09-25,-0.43661862457112577
2016-09-26,1.0563865706257047
2016-09-27,-0.44681803815521487
2016-09-28,-0.37515163256693884
2016-09-29,0.021800040722125408
2016-09-30,0.5274736791269985
2016-10-01,0.5566351049163232
2016-10-02,-0.642339222560214
2016-10-03,0.06529107145790561
2016-10-04,-0.4532708077598892
2016-10-05,0.23971552652502964
2016-10-06,-0.05441223684505153
2016-10-07,0.5289452297634678
2016-10-08,0.18381869205708612
2016-10-09,-0.5189094698589378
2016-10-10,0.22521584171253411
2016-10-11,3.3669769084807135
2016-10-12,-0.901780792405426
2016-10-13,-0.044319441013267846
2016-10-14,0.42485163086033495
2016-10-15,-0.40847383491326306
2016-10-16,0.32866090598004744
2016-10-17,-0.5183340641100316
2016-10-18,-0.33072425861249877
2016-10-19,-1.3107143136115638
2016-10-20,-0.08421327706655032
2016-10-21,0.17430339790525617
2016-10-22,3.6556318767256415
2016-10-23,-0.17157915134602889
2016-10-24,-0.6426664739494323
2016-10-25,0.44603644031519385
2016-10-26,2.964054410515182
2016-10-27,1.3271640553977844
2016-10-28,0.05655846593009073
2016-10-29,3.3991507300980355
2016-10-30,-1.9190368653926653
2016-10-31,-0.2648180812922188
2016-11-01,3.8916621422000532
2016-11-02,1.3632398676939141
2016-11-03,-7.434045145061705
2016-11-04,1.9508886521341382
2016-11-05,-0.1116174697860456
2016-11-06,1.0078517190573777
2016-11-07,-1.3239536885449064
2016-11-08,0.8131271975549991
2016-11-09,1.7359434201299986
2016-11-10,-1.2134076092652673
2016-11-11,-0.015150266863140333
2016-11-12,-1.7356051110303525
2016-11-13,-0.5673277510587337
2016-11-14,0.2873583146518293
2016-11-15,0.7938667866290819
2016-11-16,4.338801395795336
2016-11-17,-0.5713983969391141
2016-11-18,1.2838337337125854
2016-11-19,-0.133517686392884
2016-11-20,-2.915299406708052
2016-11-21,0.9807975986546716
2016-11-22,1.4857711401049531
2016-11-23,-1.040490995977747
2016-11-24,-0.717487301706805
2016-11-25,0.04589851970948883
2016-11-26,-0.9862379634438591
2016-11-27,-0.5938257621979648
2016-11-28,0.37712741187466503
2016-11-29,-0.1660488643577364
2016-11-30,1.2242911385821356
2016-12-01,1.3376937449143176
2016-12-02,2.6213428717333307
2016-12-03,-1.0141504250518225
2016-12-04,0.21406382884106873
2016-12-05,-2.117646876586688
2016-12-06,0.587805022537637
2016-12-07,0.37242495627957706
2016-12-08,0.21038586783323426
2016-12-09,0.1194190309936129
2016-12-10,0.10223888773709311
2016-12-11,-0.7746649300521115
2016-12-12,1.19878633961522
2016-12-13,-0.07753249319284668
2016-12-14,-0.01920945552367942
2016-12-15,-0.5727645800560686
2016-12-16,0.7349142419356001
2016-12-17,0.6140089411224628
2016-12-18,-0.17545227377792869
2016-12-19,0.13824136664652537
2016-12-20,0.8867182059551518
2016-12-21,3.9487753787182993
2016-12-22,3.4250835093880214
2016-12-23,6.295390122788621
2016-12-24,-2.6819268338894218
2016-12-25,-0.4316856301996915
2016-12-26,1.1293710133543868
2016-12-27,2.642621013942153
2016-12-28,4.338783666492156
2016-12-29,-0.3863338828852758
2016-12-30,-1.404917054136635
2016-12-31,0.12261997168756639
2017-01-01,3.3877815057090275
2017-01-02,2.1816805641420998
2017-01-03,2.0012914829763693
2017-01-04,9.958391525774323
2017-01-05,-13.195168033298664
2017-01-06,-11.758567116844127
2017-01-07,0.5674717555824699
2017-01-08,0.14963883815359058
2017-01-09,-1.0605654459024958
2017-01-10,0.3982317317088079
2017-01-11,-15.585307905108289
2017-01-12,3.284543504263345
2017-01-13,2.21386673774572
2017-01-14,-0.8161691111639118
2017-01-15,0.2752298930781689
2017-01-16,1.040116299078833
2017-01-17,8.652746780591444
2017-01-18,-2.51383084938968
2017-01-19,1.2573597458129444
2017-01-20,-0.5887891088337931
2017-01-21,2.808714943251977
2017-01-22,0.17473543787557938
2017-01-23,-0.5343471493296454
2017-01-24,-3.2613492794584418
2017-01-25,0.8494163292699369
2017-01-26,1.6263255024689136
2017-01-27,0.09791571009409555
2017-01-28,0.06221443695327844
2017-01-29,-0.3651235258167139
2017-01-30,-0.041327107324031345
2017-01-31,5.154621281204924
2017-02-01,1.7629702827603153
2017-02-02,2.1392162284940555
2017-02-03,1.6364112184802369
2017-02-04,1.115743461045807
2017-02-05,-1.6408843297731508
2017-02-06,0.9090972285134712
2017-02-07,2.072492324047855
2017-02-08,0.024280835166373943
2017-02-09,-6.817016709290929
2017-02-10,-0.71342071106025
2017-02-11,1.4454326428298994
2017-02-12,-0.6635875418711675
2017-02-13,-0.9959156808508329
2017-02-14,1.2565270015756425
2017-02-15,0.15360462742466635
2017-02-16,1.8241640380724653
2017-02-17,1.6727428505331674
2017-02-18,0.6440391449347364
2017-02-19,-0.7607796627989214
2017-02-20,2.8806546643796445
2017-02-21,3.0804536463039014
2017-02-22,0.05404015804133566
2017-02-23,4.177963563009773
2017-02-24,0.45713596801890943
2017-02-25,-2.712959443148203
2017-02-26,1.7125281068645357
2017-02-27,1.121985542503674
2017-02-28,-0.1376429974260901
2017-03-01,3.4032522795549514
2017-03-02,2.1676860522982975
2017-03-03,1.76106649446083
2017-03-04,-1.7059650952229695
2017-03-05,0.8115068139259638
2017-03-06,0.3119698426889979
2017-03-07,-4.087083490839612
2017-03-08,-6.336281598467289
2017-03-09,3.1545213249274755
2017-03-10,-6.366422458534437
2017-03-11,5.0202022868078515
2017-03-12,3.6630697214364507
2017-03-13,0.7216162617395885
2017-03-14,0.5160986032451943
2017-03-15,0.6343681318469796
2017-03-16,-5.209659606478162
2017-03-17,-7.796852368842828
2017-03-18,-12.34265192149911
2017-03-19,6.123559331287878
2017-03-20,1.535302898002481
2017-03-21,5.962369275110473
2017-03-22,-6.721638189536023
2017-03-23,-1.1483233758034617
2017-03-24,-10.375758829933828
2017-03-25,3.554237351728746
2017-03-26,-0.7619300190081665
2017-03-27,7.721827881251521
2017-03-28,-0.005769342070922057
2017-03-29,-0.8256802978923088
2017-03-30,-1.4481453795688584
2017-03-31,4.186693981690136
2017-04-01,0.6717282608316277
2017-04-02,1.8480676738445192
2017-04-03,3.5707412823110487
2017-04-04,-1.0651665610320213
2017-04-05,-0.8878553788975492
2017-04-06,4.881917808906148
2017-04-07,-0.627564141582952
2017-04-08,-0.2184023576643401
2017-04-09,0.8709063215087521
2017-04-10,-0.19995796654784634
2017-04-11,1.3572810251686387
2017-04-12,-0.5234465207238974
2017-04-13,-2.7618068685906545
2017-04-14,-0.2865625124113874
2017-04-15,0.2879860772272848
2017-04-16,0.7471090271580764
2017-04-17,0.7854418233653602
2017-04-18,1.338951576597848
2017-04-19,-0.2516006998538144
2017-04-20,1.4029423719180185
2017-04-21,-0.7112499858496638
2017-04-22,0.6497169705617715
2017-04-23,-2.1467966341607485
2017-04-24,3.357525395836217
2017-04-25,1.0819397621981293
2017-04-26,1.0867616657066068
2017-04-27,2.683067658489338
2017-04-28,-0.23254811982398715
2017-04-29,0.2648984956562112
2017-04-30,1.8177079542733017
2017-05-01,5.186613305613886
2017-05-02,2.0347047660917763
2017-05-03,2.395360958566766
2017-05-04,3.005538441704912
2017-05-05,1.012011919681087
2017-05-06,1.352380431751686
2017-05-07,0.9903712088624578
2017-05-08,7.494838904764918
2017-05-09,1.7027468949090694
2017-05-10,1.6560598168903948
2017-05-11,3.242492430472369
2017-05-12,-7.1002400112783866
2017-05-13,4.4347949982977815
2017-05-14,0.08372948697331123
2017-05-15,-4.111846484573314
2017-05-16,-0.3668535820708093
2017-05-17,5.720410339741126
2017-05-18,2.5215005605468632
2017-05-19,4.974447165536223
2017-05-20,4.62797084294917
2017-05-21,-2.2477924781650582
2017-05-22,6.137844045347816
2017-05-23,6.407902341934328
2017-05-24,5.036408690892969
2017-05-25,-5.979312581731022
2017-05-26,-4.689170078691398
2017-05-27,-7.853741988808058
2017-05-28,5.438974661937756
2017-05-29,4.3882156986246645
2017-05-30,-3.755220426656416
2017-05-31,4.836171377383567
2017-06-01,5.038735024384309
2017-06-02,3.15771575371808
2017-06-03,0.9335336568057485
2017-06-04,-0.2784795547510379
2017-06-05,6.597457600700644
2017-06-06,6.220879533049998
2017-06-07,-4.822382041176065
2017-06-08,2.515568723445753
2017-06-09,0.5086037502729001
2017-06-10,4.156509682052227
2017-06-11,0.21455727670054414
2017-06-12,-10.774004586183054
2017-06-13,1.997229737865466
2017-06-14,-8.20765906582198
2017-06-15,-1.8190528674907203
2017-06-16,2.0289463633907507
2017-06-17,5.171224288340485
2017-06-18,-4.2729874401995405
2017-06-19,1.4704470047488396
2017-06-20,4.840987513476291
2017-06-21,-1.345959496735457
2017-06-22,0.4670408059189354
2017-06-23,1.311838605477552
2017-06-24,-5.226501714114934
2017-06-25,-0.8806081735500814
2017-06-26,-4.517310148348714
2017-06-27,2.8043888040169445
2017-06-28,0.7337899492531842
2017-06-29,-1.5248066964493292
2017-06-30,-2.4675537614245946
2017-07-01,-2.021172332295437
2017-07-02,2.7736992521911397
2017-07-03,2.1340155517960606
2017-07-04,1.3173581569981412
2017-07-05,-0.12418709588572657
2017-07-06,0.11454042964974986
2017-07-07,-3.644781820853171
2017-07-08,1.9323788841048328
2017-07-09,-2.216398900900648
2017-07-10,-6.104650326625902
2017-07-11,-1.6139940265902841
2017-07-12,2.4402838476239075
2017-07-13,-1.8590402812179385
2017-07-14,-5.564951879962911
2017-07-15,-11.229768140734413
2017-07-16,-3.652673420744117
2017-07-17,14.24851507773046
2017-07-18,3.8419542743379522
2017-07-19,-2.1171015721545157
2017-07-20,21.321938923638296
2017-07-21,-5.602275074813679
2017-07-22,5.06116261425649
2017-07-23,-3.0155575892308244
2017-07-24,0.7542150791997084
2017-07-25,-6.831897487764453
2017-07-26,-1.9798680182899786
2017-07-27,5.336662944804431
2017-07-28,4.871075368318444
2017-07-29,-3.1208162774799195
2017-07-30,0.983158472236661
2017-07-31,4.0586135245234205
2017-08-01,-5.755541534886755
2017-08-02,-0.4172595307569896
2017-08-03,3.2735032733517277
2017-08-04,3.0608752614294645
2017-08-05,11.488107006393955
2017-08-06,-1.342880271066552
2017-08-07,4.868802294274649
2017-08-08,1.068452645286071
2017-08-09,-2.428937403148468
2017-08-10,1.0167868851107955
2017-08-11,7.526627361332259
2017-08-12,6.0774846645376925
2017-08-13,4.601890915983197
2017-08-14,5.862207662930919
2017-08-15,-3.504569611808635
2017-08-16,4.41296606034519
2017-08-17,-1.1697672477911936
2017-08-18,-4.167005275006342
2017-08-19,0.6542885966172665
2017-08-20,-2.6987218023440107
2017-08-21,-2.2619823566496904
2017-08-22,2.3008105630783144
2017-08-23,1.0984307274997156
2017-08-24,4.179686337470417
2017-08-25,0.7104836887167557
2017-08-26,-0.5778132476044813
2017-08-27,0.5602191184799075
2017-08-28,-0.14265641500370943
2017-08-29,4.245269408175451
2017-08-30,-0.43772491501589594
2017-08-31,2.8422937889886173
2017-09-01,3.7943229707605877
2017-09-02,-6.754923666973588
2017-09-03,-0.046176828759410316
2017-09-04,-8.002887789206286
2017-09-05,3.118707275507566
2017-09-06,4.779749211195958
2017-09-07,-0.07762852079604882
2017-09-08,-8.550017958352827
2017-09-09,-0.20127403061002103
2017-09-10,-2.608007385827947
2017-09-11,0.7877403966065026
2017-09-12,-0.8723222976183502
2017-09-13,-6.334747846032868
2017-09-14,-20.890627679313262
2017-09-15,14.095307362902041
2017-09-16,-0.48132326036691764
2017-09-17,-1.3074849911763997
2017-09-18,12.491958672920811
2017-09-19,-3.6480659815656704
2017-09-20,-0.6234111350747974
2017-09-21,-7.4358329648179735
2017-09-22,-0.14700956497961998
2017-09-23,4.2197154634002345
2017-09-24,-3.0691250746754988
2017-09-25,6.2578295446321635
2017-09-26,-1.0002259506197202
2017-09-27,7.485447437648719
2017-09-28,-0.7570766877861002
2017-09-29,-0.41733702041695353
2017-09-30,3.994788928413002
2017-10-01,1.3500743223403098
2017-10-02,-0.011022038255788735
2017-10-03,-2.24249784727218
2017-10-04,-2.199767511946638
2017-10-05,2.1773226111017596
2017-10-06,0.8371624920036725
2017-10-07,1.1372546795985845
2017-10-08,3.9258202054354707
2017-10-09,3.306130063325669
2017-10-10,0.07106974618742157
2017-10-11,0.7884162616777635
2017-10-12,11.955465465837737
2017-10-13,3.473667690082404
2017-10-14,3.078595158204359
2017-10-15,-2.806791284142944
2017-10-16,0.6936633976228505
2017-10-17,-2.2572002822814725
2017-10-18,-0.4023726961013228
2017-10-19,1.9480665348801303
2017-10-20,5.032978742552101
2017-10-21,0.19698852293608027
2017-10-22,-0.5226955867707808
2017-10-23,-1.446009096800012
2017-10-24,-7.187451411228868
2017-10-25,3.8382450954313194
2017-10-26,2.5055301725981884
2017-10-27,-2.258774026564692
2017-10-28,-0.6198718375459604
2017-10-29,6.596441349572736
2017-10-30,-0.517317685713852
2017-10-31,5.2271166451552835
2017-11-01,4.379847781189588
2017-11-02,4.358191546778079
2017-11-03,1.6719740070585
2017-11-04,2.2232269115445096
2017-11-05,0.23375516761609605
2017-11-06,-5.470103182248075
2017-11-07,1.5793317482759663
2017-11-08,4.18114033172859
2017-11-09,-4.467621832314567
2017-11-10,-7.7776107801941015
2017-11-11,-4.153985133104698
2017-11-12,-6.76244383271491
2017-11-13,9.61335071362604
2017-11-14,1.0182376585095438
2017-11-15,9.615272970740913
2017-11-16,7.189548347232528
2017-11-17,-2.2261990729901284
2017-11-18,0.9096461948871454
2017-11-19,2.975591727597448
2017-11-20,1.8843277293297964
2017-11-21,-1.7279012224159453
2017-11-22,2.0957382299754066
2017-11-23,-2.774372829082485
2017-11-24,2.500790632054867
2017-11-25,6.168250661295351
2017-11-26,5.819815011532132
2017-11-27,4.958267223523271
2017-11-28,2.2818379847513284
2017-11-29,-1.8440658516299777
2017-11-30,3.291633076904772
2017-12-01,6.862177555958949
2017-12-02,0.7603141070581804
2017-12-03,2.0823142988694383
2017-12-04,2.769386605566188
2017-12-05,2.0640332468161016
2017-12-06,18.034773090754765
2017-12-07,22.37425243670669
2017-12-08,-7.8602694918151546
2017-12-09,-8.907387358458312
2017-12-10,1.672185141142179
2017-12-11,9.015390341048633
2017-12-12,2.6489649214967135
2017-12-13,-6.095016240503446
2017-12-14,0.8074073450645767
2017-12-15,6.534632052711404
2017-12-16,9.495029722245452
2017-12-17,-1.9835350105216762
2017-12-18,-0.27671797736437465
2017-12-19,-7.391933631347317
2017-12-20,-6.838149448083536
2017-12-21,-5.206644036645883
2017-12-22,-13.45996472564215
2017-12-23,5.944637891716466
2017-12-24,-5.542629303035038
2017-12-25,0.5835848308941617
2017-12-26,13.64749083979223
2017-12-27,-1.7739582463367936
2017-12-28,-8.235347978761467
2017-12-29,0.20204023596967657
2017-12-30,-12.497422446117277
2017-12-31,8.752474330669154
2018-01-01,-3.72764068266752
2018-01-02,9.12128297378805
2018-01-03,1.3128656080708212
2018-01-04,2.448199827377077
2018-01-05,10.956809956303395
2018-01-06,0.4201946169569152
2018-01-07,-6.3117119963594925
2018-01-08,-8.405192952910612
2018-01-09,-3.9996352180917163
2018-01-10,2.4185734661263325
2018-01-11,-11.195759738788352
2018-01-12,4.060676186275984
2018-01-13,2.5413448327264887
2018-01-14,-4.319938919863512
2018-01-15,0.20883568714371153
2018-01-16,-18.595815528141266
2018-01-17,-2.800166911202325
2018-01-18,2.389027750205484
2018-01-19,1.0104354080756726
2018-01-20,10.414601969949686
2018-01-21,-10.75280539658763
2018-01-22,-6.075069751302605
2018-01-23,-0.7156315397914403
2018-01-24,4.280966728217514
2018-01-25,-1.0218689341813514
2018-01-26,-0.9222824076817109
2018-01-27,2.244378407390153
2018-01-28,2.838420351215036
2018-01-29,-4.3830127954867635
2018-01-30,-11.270158300392984
2018-01-31,0.9918770447057682
2018-02-01,-10.983442636298863
2018-02-02,-3.9132657724385584
2018-02-03,3.685622296288672
2018-02-04,-10.436726787926421
2018-02-05,-17.535854530550942
2018-02-06,10.733276085237094
2018-02-07,-1.8638336028244549
2018-02-08,7.977773201243904
2018-02-09,5.408712069362614
2018-02-10,-1.4635552496848852
2018-02-11,-6.0124693358860375
2018-02-12,9.209856765086714
2018-02-13,-3.8843065194411444
2018-02-14,9.778431096325649
2018-02-15,6.6985410257289235
2018-02-16,0.5241143664010156
2018-02-17,8.100640887522799
2018-02-18,-5.316860300554855
2018-02-19,6.049726898284593
2018-02-20,1.4391309368378162
2018-02-21,-6.596813222217113
2018-02-22,-6.763764096307028
2018-02-23,2.778924971912976
2018-02-24,-4.991187526467431
2018-02-25,-1.6608407492767672
2018-02-26,6.873910989193797
2018-02-27,3.2658176124712797
2018-02-28,-3.2405900610724845
2018-03-01,5.045044607048526
2018-03-02,1.0911960857707834
2018-03-03,3.4355401758295465
2018-03-04,0.061462499171639456
2018-03-05,0.3882220261045708
2018-03-06,-7.239380879729461
2018-03-07,-7.99235716231021
2018-03-08,-6.033394124775374
2018-03-09,-0.7511218008272215
2018-03-10,-5.31965779314513
2018-03-11,7.593439696196251
2018-03-12,-4.115112950932669
2018-03-13,-0.24927914717822605
2018-03-14,-10.740844999466383
2018-03-15,0.237125406495876
2018-03-16,0.31297120044055887
2018-03-17,-5.32445641825873
2018-03-18,3.6644155460003356
2018-03-19,4.6925676750906025
2018-03-20,3.086728889661226
2018-03-21,0.039578014055349775
2018-03-22,-2.41221597019964
2018-03-23,1.5792281085704465
2018-03-24,-2.548326534561561
2018-03-25,-2.1458769285106345
2018-03-26,-3.5666145016465585
2018-03-27,-4.830562678362698
2018-03-28,1.4008169571043871
2018-03-29,-10.580593857526527
2018-03-30,-4.053565416744864
2018-03-31,1.059853531471755
2018-04-01,-2.0091993283673766
2018-04-02,3.3028070649225025
2018-04-03,4.984692286921655
2018-04-04,-8.560118578131569
2018-04-05,-0.7577498884565703
2018-04-06,-2.7426850915598986
2018-04-07,3.9193348660841383
2018-04-08,1.47607445411818
2018-04-09,-3.8032042740715672
2018-04-10,0.803598502429491
2018-04-11,1.7976385639889414
2018-04-12,12.275050583612185
2018-04-13,-0.05262719645479183
2018-04-14,0.999242883951763
2018-04-15,4.066012983934674
2018-04-16,-3.4384559115700095
2018-04-17,-2.099768910254811
2018-04-18,3.1159497600685437
2018-04-19,1.4530066515365054
2018-04-20,6.300005465622929
2018-04-21,0.42319326038773597
2018-04-22,-1.1899739484714766
2018-04-23,1.310726773482226
2018-04-24,8.09767692131652
2018-04-25,-9.330853661176436
2018-04-26,4.671178015805588
2018-04-27,-3.3616023281104805
2018-04-28,3.8052752887878505
2018-04-29,0.6147184213234728
2018-04-30,-2.0512470988664098
2018-05-01,-1.4616596668853092
2018-05-02,1.1362571402721988
2018-05-03,5.216072791680634
2018-05-04,-0.5809600307823874
2018-05-05,1.4717925090822352
2018-05-06,-2.221981305369317
2018-05-07,-3.0997353102250953
2018-05-08,-1.6229531393031462
2018-05-09,0.836064857299074
2018-05-10,-3.199969708331323
2018-05-11,-7.03125365709604
2018-05-12,0.6105959809449953
2018-05-13,2.4053339157030162
2018-05-14,-0.21963946011368213
2018-05-15,-2.5340904170454936
2018-05-16,-1.8148912022107586
2018-05-17,-3.472796967990285
2018-05-18,1.7791746664458534
2018-05-19,-0.18358801870151614
2018-05-20,3.0376057507280483
2018-05-21,-1.2510306891534868
2018-05-22,-4.721590137247395
2018-05-23,-6.344408941898663
2018-05-24,0.2521852719629016
2018-05-25,-1.5605951563021025
2018-05-26,-1.8127979176422584
2018-05-27,0.029977907603973952
2018-05-28,-3.3401589713227717
2018-05-29,4.47141816058293
2018-05-30,-1.0257372325712695
2018-05-31,1.0388248525537174
2018-06-01,0.4912692643744222
2018-06-02,1.2058170388412348
2018-06-03,0.8621219473155987
2018-06-04,-2.8392653213177392
2018-06-05,1.4373531156692847
2018-06-06,0.1268856637175243
2018-06-07,0.17881833450171714
2018-06-08,-0.8344994339906808
2018-06-09,-1.3640297502365946
2018-06-10,-10.56697663551223
2018-06-11,1.6282749821611877
2018-06-12,-4.9506903373644136
2018-06-13,-3.733070348100887
2018-06-14,4.8606172653802355
2018-06-15,-3.4698304030272356
2018-06-16,1.3013292767873317
2018-06-17,-0.9176064750922406
2018-06-18,3.422476146520088
2018-06-19,0.38247282795051196
2018-06-20,-0.04005515098453592
2018-06-21,-0.8307979288862029
2018-06-22,-10.230156457733758
2018-06-23,1.1491450636381146
2018-06-24,0.03664778527452006
2018-06-25,1.0851654710205136
2018-06-26,-2.6576198591753024
2018-06-27,0.8983796226046644
2018-06-28,-4.345194890093452
2018-06-29,5.058487418824023
2018-06-30,2.80498390720373
2018-07-01,-0.4219345398515012
2018-07-02,3.375954607971604
2018-07-03,-1.4248155487128265
2018-07-04,0.8977778165515308
2018-07-05,0.49076892553428353
2018-07-06,0.37855723371046635
2018-07-07,2.5738955433339608
2018-07-08,-1.3562253167018468
2018-07-09,-0.6130916981691561
2018-07-10,-6.4403597027710155
2018-07-11,0.8802281905631165
2018-07-12,-2.766219721485468
2018-07-13,0.010585953358031586
2018-07-14,0.4707941611417128
2018-07-15,1.1843389681156964
2018-07-16,5.697131169095312
2018-07-17,8.105643460594878
2018-07-18,0.5394676223230072
2018-07-19,1.157460851329735
2018-07-20,-1.6588930136642377
2018-07-21,0.744489631779987
2018-07-22,-0.1484236488919436
2018-07-23,3.7310134360188156
2018-07-24,8.70782116288184
2018-07-25,-3.0631120391481836
2018-07-26,-2.98678486312351
2018-07-27,2.511083159926329
2018-07-28,0.19420739283533361
2018-07-29,0.1829982497886269
2018-07-30,-0.6008442593513219
2018-07-31,-5.151437185625845
2018-08-01,-2.1568774667218054
2018-08-02,-0.8980472085518278
2018-08-03,-1.907637694850683
2018-08-04,-5.690093756679031
2018-08-05,0.3676988169776958
2018-08-06,-1.8021300323071228
2018-08-07,-3.0372383060662402
2018-08-08,-6.991125382198158
2018-08-09,3.9398143039303766
2018-08-10,-6.154070601022407
2018-08-11,1.6415081950103567
2018-08-12,0.2896688550475228
2018-08-13,-0.5357354428876567
2018-08-14,-1.7037736303739486
2018-08-15,1.6022163365282136
2018-08-16,0.27696556419080964
2018-08-17,3.6706848234076035
2018-08-18,-2.5503318040615808
2018-08-19,1.1355550739540488
2018-08-20,-3.2209338441703688
2018-08-21,2.6792331385671355
2018-08-22,-1.8795558896953906
2018-08-23,2.312525209398035
2018-08-24,2.655180003683648
2018-08-25,0.5036037277907899
2018-08-26,-0.968060665824131
2018-08-27,2.4725946224460644
2018-08-28,2.890137973865391
2018-08-29,-0.8322381821345496
2018-08-30,-1.1205850774244026
2018-08-31,0.7092642044991924
2018-09-01,2.0502284144278553
2018-09-02,0.961087514776164
2018-09-03,-0.31187200542548565
2018-09-04,1.2520940702448686
2018-09-05,-8.179424635173334
2018-09-06,-4.096426803151943
2018-09-07,-1.0933128143078918
2018-09-08,-3.9368692841650637
2018-09-09,1.0578823803113724
2018-09-10,0.3190332231103823
2018-09-11,-0.27202080480120067
2018-09-12,0.345268212879962
2018-09-13,2.4347086580604973
2018-09-14,-0.20825068399092023
2018-09-15,0.32942960709580726
2018-09-16,-0.5361008251198307
2018-09-17,-3.825714786220545
2018-09-18,1.2865993642157276
2018-09-19,0.28899157319535873
2018-09-20,1.737747375742463
2018-09-21,3.11102357776245
2018-09-22,-0.3304093815961495
2018-09-23,-0.306636223209822
2018-09-24,-1.8695272567410783
2018-09-25,-2.4217678713986213
2018-09-26,0.6123492651075316
2018-09-27,2.6222262112985755
2018-09-28,-0.6274031736004582
2018-09-29,-0.7743601696553217
2018-09-30,0.21919067454145696
2018-10-01,-0.6815633910174052
2018-10-02,-0.6476202619890964
2018-10-03,-0.957182379171802
2018-10-04,0.9954605326707954
2018-10-05,0.5561918881063916
2018-10-06,-0.6549473823106456
2018-10-07,0.08432431195736942
2018-10-08,0.6059155442253165
2018-10-09,-0.28190684248321796
2018-10-10,-1.0011140102196596
2018-10-11,-5.267181211888495
2018-10-12,0.15507298425240823
2018-10-13,0.044039189046573834
2018-10-14,-0.05908733357221663
2018-10-15,4.605990363127223
2018-10-16,-0.14416444360387423
2018-10-17,-0.9242157531352442
2018-10-18,-1.1778103669950237
2018-10-19,-0.31226365395683947
2018-10-20,0.22948237403812755
2018-10-21,-0.24310224688024068
2018-10-22,-0.06346812543599968
2018-10-23,-0.3138369738547394
2018-10-24,0.17225950235041615
2018-10-25,-0.43905563613491005
2018-10-26,-0.1614254745879826
2018-10-27,-0.05072942391775083
2018-10-28,-0.04494058460288185
2018-10-29,-2.5366973444574064
2018-10-30,-0.11174657856178846
2018-10-31,-0.40100569188526025
2018-11-01,0.8102660322086038
2018-11-02,0.029362724800339912
2018-11-03,-0.5640093837898874
2018-11-04,0.09584477916689269
2018-11-05,0.5427439303381064
2018-11-06,0.5044004936104327
2018-11-07,0.9266357483213917
2018-11-08,-1.3148091448675698
2018-11-09,-1.1984566298574801
2018-11-10,0.23125765014486188
2018-11-11,-0.10566598769412311
2018-11-12,-0.7634987419465821
2018-11-13,-0.3227032496528512
2018-11-14,-10.415292270599771
2018-11-15,-1.7241385801536189
2018-11-16,-1.4292271568649948
2018-11-17,-0.5189544310960386
2018-11-18,1.100711799477137
2018-11-19,-14.493790252817398
2018-11-20,-9.145206426037223
2018-11-21,3.1827225490834614
2018-11-22,-5.407084233357717
2018-11-23,-0.5698706986903936
2018-11-24,-11.485664175916822
2018-11-25,3.1376309454458142
2018-11-26,-6.066638926035635
2018-11-27,0.9568655489651842
2018-11-28,10.684801581810982
2018-11-29,0.36437512859434906
2018-11-30,-6.445772820981973
2018-12-01,4.659310379167625
2018-12-02,-1.928186960297246
2018-12-03,-6.257222002219444
2018-12-04,1.4612381486829285
2018-12-05,-5.401518077453875
2018-12-06,-6.542304852516863
2018-12-07,-3.0528179189746525
2018-12-08,1.4916583176840876
2018-12-09,3.758839424018795
2018-12-10,-3.273493248151758
2018-12-11,-2.3916757638738426
2018-12-12,1.6669842795448804
2018-12-13,-5.23453913824082
2018-12-14,-2.309498422309409
2018-12-15,-0.31430384671592065
2018-12-16,0.3578397261238785
2018-12-17,8.487744656533016
2018-12-18,4.010864482046842
2018-12-19,1.2031869826813857
2018-12-20,9.730036134746506
2018-12-21,-6.063873041434171
2018-12-22,2.836738469670873
2018-12-23,-0.5170789609161566
2018-12-24,1.8337762041156491
2018-12-25,-6.806072050194777
2018-12-26,0.9521120356402052
2018-12-27,-5.5292729501414195
2018-12-28,6.966385609866891
2018-12-29,-2.8109848932082135
2018-12-30,1.0474295325211846
2018-12-31,-3.3777165935016753
2019-01-01,2.520479497773948
2019-01-02,2.428063667963013
2019-01-03,-2.8798751780452965
2019-01-04,0.4075901640659907
2019-01-05,-0.4627917223194168
2019-01-06,5.707065908064483
2019-01-07,-1.4061130531646566
2019-01-08,0.0013724796422731333
2019-01-09,-0.027342793988337943
2019-01-10,-9.383571246724241
2019-01-11,0.091534013482921
2019-01-12,-0.847011490574834
2019-01-13,-3.141586176515618
2019-01-14,4.081167161868396
2019-01-15,-2.192499334680886
2019-01-16,0.5302871427285522
2019-01-17,0.5048055606067577
2019-01-18,-0.7026245993993043
2019-01-19,1.7775279084477766
2019-01-20,-3.618539074317555
2019-01-21,-0.8337873877916385
2019-01-22,0.6574100582210028
2019-01-23,-0.6788101813708926
2019-01-24,0.3005001131248841
2019-01-25,-0.1681850243805897
2019-01-26,-0.06281668442949147
2019-01-27,-0.6523541777464705
2019-01-28,-3.35619931234104
2019-01-29,-0.783255663533229
2019-01-30,0.9602352996693099
2019-01-31,-0.9553036824603919
2019-02-01,0.7305952559390169
2019-02-02,0.8073048151512505
2019-02-03,-1.7710868208708455
2019-02-04,-0.27802312868025836
2019-02-05,0.07038125506974977
2019-02-06,-1.6664123724353854
2019-02-07,-0.5573013275103929
2019-02-08,7.431750611989602
2019-02-09,-0.01708289678254976
2019-02-10,0.3781469952090638
2019-02-11,-1.2756778136243048
2019-02-12,0.0019880538947949777
2019-02-13,-0.7266973635129943
2019-02-14,-0.5567303557433164
2019-02-15,-0.02904671516718184
2019-02-16,0.10997273705772181
2019-02-17,1.068583374486396
2019-02-18,6.238495185752796
2019-02-19,0.6605525127649784
2019-02-20,1.1893335124234459
2019-02-21,-1.286832025658863
2019-02-22,1.154102138221051
2019-02-23,3.2254462888790516
2019-02-24,-8.494099817955435
2019-02-25,1.7412017171715828
2019-02-26,-0.870182925407073
2019-02-27,-0.2235709132518893
2019-02-28,-0.04062460844152706
2019-03-01,-0.013242923354393768
2019-03-02,-0.012544597070536762
2019-03-03,-0.5847436523173677
2019-03-04,-2.388274407115778
2019-03-05,3.383720203889322
2019-03-06,0.05639087886799407
2019-03-07,0.05535350515595666
2019-03-08,-0.4026704685552045
2019-03-09,1.4437380736586958
2019-03-10,-0.4336380359076832
2019-03-11,-1.3180965369106943
2019-03-12,-0.03708598261846187
2019-03-13,-0.2000535497960991
2019-03-14,0.31317274906411896
2019-03-15,0.7892043057437806
2019-03-16,2.0551708942194624
2019-03-17,-0.7196847102911357
2019-03-18,0.0430112706107984
2019-03-19,0.8170608299697756
2019-03-20,0.26159269719717726
2019-03-21,-1.5704831764599363
2019-03-22,-0.27072251974613987
2019-03-23,0.15661171568385823
2019-03-24,-0.4766408953884224
2019-03-25,-1.617842574969849
2019-03-26,0.41620428485425676
2019-03-27,2.389337218751676
2019-03-28,-0.5780214114292725
2019-03-29,0.5790395828244276
2019-03-30,0.06432195904175533
2019-03-31,-0.1682287141349351
2019-04-01,1.1397568461050112
2019-04-02,15.866554979413399
2019-04-03,1.7531062995247502
2019-04-04,-1.1526891822143916
2019-04-05,2.149369741704946
2019-04-06,0.320659866375306
2019-04-07,2.5739660174485537
2019-04-08,1.5952042551948131
2019-04-09,-1.7539656762182387
2019-04-10,2.134037295965627
2019-04-11,-5.145195526145237
2019-04-12,0.3557833193376283
2019-04-13,0.0007288381419967294
2019-04-14,1.2484587641030735
2019-04-15,-2.103811565550744
2019-04-16,3.1326979571985842
2019-04-17,0.1746990306422866
2019-04-18,0.7428618132187981
2019-04-19,-0.035272561362556284
2019-04-20,0.5027406062851486
2019-04-21,-0.5761353477898594
2019-04-22,1.4460153383252479
2019-04-23,3.0161248735981454
2019-04-24,-2.0855776550205505
2019-04-25,-4.903734038115712
2019-04-26,1.1747383448898057
2019-04-27,-0.3473038094568389
2019-04-28,0.18164956554547845
2019-04-29,-0.8551708966523133
2019-04-30,1.8132256648937912
2019-05-01,0.8289534762935084
2019-05-02,1.743354978064449
2019-05-03,4.529086600577343
2019-05-04,0.9465206045740538
2019-05-05,-0.7475935014302373
2019-05-06,-0.9849740534422502
2019-05-07,1.291063604431022
2019-05-08,2.4523525339784373
2019-05-09,3.0224703341277044
2019-05-10,3.1178689265208375
2019-05-11,12.037939017675223
2019-05-12,-3.4164520096475655
2019-05-13,11.270223974874286
2019-05-14,2.1332777651417585
2019-05-15,2.464446595061873
2019-05-16,-4.118992358130383
2019-05-17,-7.245770723307892
2019-05-18,-1.1323413824879136
2019-05-19,11.855346945373514
2019-05-20,-2.850227600295676
2019-05-21,-0.3255967187054343
2019-05-22,-3.75951935187435
2019-05-23,2.4557602884620464
2019-05-24,1.192308560495499
2019-05-25,0.6749887376835084
2019-05-26,7.2875146019097095
2019-05-27,1.3792067780866217
2019-05-28,-1.11696930233062
2019-05-29,-0.8335782102407251
2019-05-30,-4.143307794198975
2019-05-31,2.8817609960647177
2019-06-01,-0.26000308166865393
2019-06-02,1.930283800888208
2019-06-03,-6.439448865812246
2019-06-04,-6.437790831696175
2019-06-05,1.3620043565674353
2019-06-06,-0.16586710400872473
2019-06-07,2.6600699102546996
2019-06-08,-1.2605801388007567
2019-06-09,-3.5396753788515944
2019-06-10,3.8435603053329173
2019-06-11,-1.0494402992244933
2019-06-12,2.5768309716290703
2019-06-13,0.9012323471793536
2019-06-14,5.3339234976550856
2019-06-15,1.511268161716977
2019-06-16,1.6132510343432087
2019-06-17,3.4212047547300726
2019-06-18,-2.7308580823816806
2019-06-19,1.951845390737637
2019-06-20,2.5607066289861975
2019-06-21,6.14141567357571
2019-06-22,5.208810428347369
2019-06-23,1.2881754880738092
2019-06-24,1.2867666353631848
2019-06-25,6.7048973157047795
2019-06-26,9.749123274497853
2019-06-27,-15.319610391124831
2019-06-28,10.253368331255096
2019-06-29,-3.8148857677984997
2019-06-30,-10.175826785943592
2019-07-01,-2.324808090293497
2019-07-02,1.9063363675043474
2019-07-03,10.059599317200865
2019-07-04,-6.575914349584657
2019-07-05,-2.2732439762156496
2019-07-06,1.9365351971545155
2019-07-07,2.0010293493039994
2019-07-08,6.901688178174279
2019-07-09,2.1782863306194895
2019-07-10,-3.51276576189457
2019-07-11,-6.926084616139087
2019-07-12,3.8096323894303303
2019-07-13,-3.7885203290387777
2019-07-14,-10.645243154082573
2019-07-15,5.906717143576851
2019-07-16,-14.075313555492501
2019-07-17,2.11748488818293
2019-07-18,9.424312309235836
2019-07-19,-1.4184891546865401
2019-07-20,2.0824561356156512
2019-07-21,-1.710569294885175
2019-07-22,-2.5825783916280396
2019-07-23,-4.508439656973755
2019-07-24,-1.0390154965268956
2019-07-25,0.8755191170017397
2019-07-26,-0.5575989316219219
2019-07-27,-4.1967732534722675
2019-07-28,0.6524871396060683
2019-07-29,-0.4911965682277087
2019-07-30,0.785459788280231
2019-07-31,4.719888817151509
2019-08-01,2.928611028998153
2019-08-02,0.9954291170382495
2019-08-03,2.707470750565191
2019-08-04,1.2248837093298102
2019-08-05,7.202098255845924
2019-08-06,-2.950806302550056
2019-08-07,3.8235672699734122
2019-08-08,0.06679150785241045
2019-08-09,-1.006079447103113
2019-08-10,-4.522313682990461
2019-08-11,1.3446607932992825
2019-08-12,-1.3684425099436472
2019-08-13,-4.508357336366593
2019-08-14,-8.20144018985354
2019-08-15,2.4145615991460843
2019-08-16,0.46946820262207967
2019-08-17,-1.5216712254989004
2019-08-18,0.97101715516285
2019-08-19,5.227643355917828
2019-08-20,-1.547503262037928
2019-08-21,-6.12166978365476
2019-08-22,-0.20665582005290495
2019-08-23,2.5589408934227067
2019-08-24,-2.549319595972914
2019-08-25,-0.34892353586966907
2019-08-26,2.127790150198773
2019-08-27,-1.9407413199291303
2019-08-28,-4.46207622957775
2019-08-29,-2.6732310560681793
2019-08-30,0.7831496799707423
2019-08-31,0.20028970011152702
2019-09-01,1.1755847953764915
2019-09-02,5.721260993700016
2019-09-03,2.5022368350458857
2019-09-04,-0.4114373954964133
2019-09-05,-0.31676385139151586
2019-09-06,-2.2614001155981587
2019-09-07,1.4335227006590805
2019-09-08,-0.8626828158818125
2019-09-09,-1.160952597965871
2019-09-10,-2.2794250949847927
2019-09-11,0.4772738458694322
2019-09-12,2.11375640561741
2019-09-13,-0.6150485231465568
2019-09-14,-0.16175705344512423
2019-09-15,-0.2374793473165839
2019-09-16,-0.8253610155033707
2019-09-17,-0.4838892680011173
2019-09-18,-0.5586360201474161
2019-09-19,0.5285516427104916
2019-09-20,-0.9668066160446481
2019-09-21,-1.7407854144555133
2019-09-22,0.36684294420309393
2019-09-23,-3.5831680442874854
2019-09-24,-12.23700794957281
2019-09-25,-1.6992445345437437
2019-09-26,-4.570818090653616
2019-09-27,1.4857442346175307
2019-09-28,-0.20953959491769303
2019-09-29,-1.8713698515542019
2019-09-30,2.1759373985740282
2019-10-01,0.4563092674436465
2019-10-02,0.4570609345162926
2019-10-03,-1.735581659254696
2019-10-04,-0.7941856057120841
2019-10-05,-0.8032626302240446
2019-10-06,-2.161853444511968
2019-10-07,3.034617498608239
2019-10-08,-0.3420794955860885
2019-10-09,4.225217418239998
2019-10-10,-0.24550572725302233
2019-10-11,-3.2691170930957765
2019-10-12,0.04003204640718852
2019-10-13,-0.32434270353159556
2019-10-14,0.5054072913822152
2019-10-15,-2.180136370087284
2019-10-16,-2.0800321916239306
2019-10-17,0.5605549764805875
2019-10-18,-1.7636370051210006
2019-10-19,0.05472957702366654
2019-10-20,2.7435973690960984
2019-10-21,0.12523632977118737
2019-10-22,-2.165875134089998
2019-10-23,-7.3688532679091745
2019-10-24,-0.41993101442170216
2019-10-25,14.338466388667127
2019-10-26,6.390790391260552
2019-10-27,3.1264366034239215
2019-10-28,-3.2809106479875485
2019-10-29,1.6986381944272502
2019-10-30,-2.5201525693092326
2019-10-31,-0.20438027359365524
2019-11-01,0.528851708945833
2019-11-02,0.5468952354978085
2019-11-03,-1.1006130821673765
2019-11-04,1.763509588013061
2019-11-05,-0.8850145283826473
2019-11-06,0.058605148490143366
2019-11-07,-1.139542597600315
2019-11-08,-5.259051378053412
2019-11-09,-0.03886965225478839
2019-11-10,2.570484538674377
2019-11-11,-3.480827816520147
2019-11-12,0.5210123266186261
2019-11-13,-0.22161310714089588
2019-11-14,-1.2813632155744887
2019-11-15,-2.650582753809755
2019-11-16,0.5520200853677568
2019-11-17,0.1801255306104334
2019-11-18,-3.3200669357658357
2019-11-19,-1.3866804812817053
2019-11-20,-2.3415501535201213
2019-11-21,-5.046319809994708
2019-11-22,-4.772849469355017
2019-11-23,1.2400384976485044
2019-11-24,-4.9826555196926385
2019-11-25,1.2462940617079479
2019-11-26,0.868140553578426
2019-11-27,4.111019646104036
2019-11-28,-1.052069788218388
2019-11-29,3.7794480162823287
2019-11-30,-2.6374842178768896
2019-12-01,-2.0763212278451015
2019-12-02,-1.5251907085074543
2019-12-03,-0.16281382940696157
2019-12-04,-1.0724562515154792
2019-12-05,2.532833778181292
2019-12-06,1.1786409330023773
2019-12-07,-0.015269049418594402
2019-12-08,-0.030406091974032226
2019-12-09,-2.322068365511744
2019-12-10,-1.8105429126955688
2019-12-11,-0.9750413791431234
2019-12-12,0.21790416842021365
2019-12-13,0.22824488234949153
2019-12-14,-2.1525386127858503
2019-12-15,0.24938524966941755
2019-12-16,-3.259297788529784
2019-12-17,-4.440456982201094
2019-12-18,9.01256096155847
2019-12-19,-1.1592029762751812
2019-12-20,0.0838595728096388
2019-12-21,-0.5215124853191293
2019-12-22,4.221826835881906
2019-12-23,-2.23576489185391
2019-12-24,-0.5886020555243813
2019-12-25,-0.7867407343217151
2019-12-26,-0.6363164748173016
2019-12-27,0.5660750679600784
2019-12-28,0.24436329016435338
2019-12-29,1.2824355711134827
2019-12-30,-1.899863330795581
2019-12-31,-1.509912479750021
2020-01-01,-0.04628132915462692
2020-01-02,-3.1649358070454907
2020-01-03,4.8795315985770396
2020-01-04,0.7538579849636013
2020-01-05,-0.12872860415715415
2020-01-06,4.578503726139877
2020-01-07,4.815045935214462
2020-01-08,-1.1698103177066477
2020-01-09,-2.654128108867876
2020-01-10,3.4460587083065604
2020-01-11,-1.7300719905034754
2020-01-12,1.7719189071496841
2020-01-13,-0.7289494361523097
2020-01-14,7.92200764041058
2020-01-15,-0.37301787883966053
2020-01-16,-1.0871176299120116
2020-01-17,2.18789087413792
2020-01-18,0.01645983016023783
2020-01-19,-2.818553249045896
2020-01-20,-0.6974561780360734
2020-01-21,0.876549795979603
2020-01-22,-0.8838381269028988
2020-01-23,-3.3491797697456342
2020-01-24,0.3242503034033649
2020-01-25,-1.0605736156669305
2020-01-26,2.562040812850991
2020-01-27,3.438399500810235
2020-01-28,4.776422671928715
2020-01-29,-0.5870088647075158
2020-01-30,1.9060606943819272
2020-01-31,-1.8181478650202174
2020-02-01,0.3142042177383043
2020-02-02,-0.655434021078628
2020-02-03,-0.6832400051976771
2020-02-04,-1.35618836233385
2020-02-05,4.465191801849168
2020-02-06,1.0656654519682016
2020-02-07,0.5398405418511101
2020-02-08,0.5660429473199134
2020-02-09,2.380329024498925
2020-02-10,-2.7418935844217285
2020-02-11,3.3676016772009865
2020-02-12,1.0098974965791099
2020-02-13,-1.2250192616444355
2020-02-14,0.8146585186438443
2020-02-15,-4.3229980373503185
2020-02-16,0.31644485465964833
2020-02-17,-2.6274153415841033
2020-02-18,4.419926250349024
2020-02-19,-5.282641401755047
2020-02-20,-0.39656956425912515
2020-02-21,0.670510203545108
2020-02-22,-0.3780588109234283
2020-02-23,2.530863550153017
2020-02-24,-2.940842216791782
2020-02-25,-3.3863667512713382
2020-02-26,-5.878411789974827
2020-02-27,-0.5469396362710169
2020-02-28,-1.421264774259814
2020-02-29,-0.9823265938432102
2020-03-01,-0.5694670879064576
2020-03-02,3.3874309615890925
2020-03-03,-1.0651194786016376
2020-03-04,-0.5086173644657894
2020-03-05,3.490841203716037
2020-03-06,0.34345743938138845
2020-03-07,-2.4956260504610244
2020-03-08,-9.567995874348824
2020-03-09,-2.439072326610525
2020-03-10,-0.3134115054445967
2020-03-11,-0.11614414859335909
2020-03-12,-46.61066053140339
2020-03-13,11.130979222328401
2020-03-14,-6.891200002083276
2020-03-15,3.4869302656583545
2020-03-16,-7.402148768337981
2020-03-17,3.9869095695930876
2020-03-18,0.10717744118086742
2020-03-19,16.57278942753517
2020-03-20,-0.01519799655739315
2020-03-21,-0.35909150503903087
2020-03-22,-6.04534538367898
2020-03-23,9.440680767720176
2020-03-24,4.7068278599379925
2020-03-25,-0.938798991398171
2020-03-26,0.3904781387156111
2020-03-27,-3.8789806673572023
2020-03-28,-3.7189670765051033
2020-03-29,-5.402664327992598
2020-03-30,8.089201862852539
2020-03-31,-0.0008322564645704966
2020-04-01,2.4401373191415012
2020-04-02,2.6512325991700547
2020-04-03,-1.0282713803609136
2020-04-04,1.8349373870126917
2020-04-05,-1.2563290793966657
2020-04-06,6.700758553938898
2020-04-07,-1.4577813115019596
2020-04-08,2.0358196141948612
2020-04-09,-0.5750427958222684
2020-04-10,-6.302907617024423
2020-04-11,-0.23105435870723603
2020-04-12,1.4821664365047136
2020-04-13,-1.962433334232892
2020-04-14,-0.1757780830620188
2020-04-15,-3.1089367050944103
2020-04-16,6.765268275217426
2020-04-17,-0.42779510697447376
2020-04-18,2.1124472026347125
2020-04-19,-1.0823417931546007
2020-04-20,-4.508432259331755
2020-04-21,-0.16140728223065626
2020-04-22,3.2473382487472104
2020-04-23,4.1596917202000245
2020-04-24,1.4801654522164784
2020-04-25,0.11413098060866056
2020-04-26,1.3041206109069226
2020-04-27,1.358092607376732
2020-04-28,0.009223265564080652
2020-04-29,11.846497647002812
2020-04-30,-1.7698408160184451
2020-05-01,2.2160480472309447
2020-05-02,1.2495697304773192
2020-05-03,-1.1566342178431395
2020-05-04,0.03288418551290731
2020-05-05,0.8717137015384354
2020-05-06,2.7707696265563975
2020-05-07,6.969893688040189
2020-05-08,-1.2374977146552193
2020-05-09,-2.6975927488454436
2020-05-10,-9.271517990060746
2020-05-11,-1.9193786590278274
2020-05-12,2.19129665082637
2020-05-13,5.014517675673379
2020-05-14,4.743787836226653
2020-05-15,-4.393097131089167
2020-05-16,0.3843133412854375
2020-05-17,2.946698469472387
2020-05-18,0.4380665097262926
2020-05-19,-0.11232495062332182
2020-05-20,-2.2783483839302447
2020-05-21,-4.881621109431352
2020-05-22,0.9663274701161456
2020-05-23,0.15281129628779533
2020-05-24,-4.793227802780317
2020-05-25,1.1797113334687266
2020-05-26,-0.9479493967481453
2020-05-27,3.7034541248433754
2020-05-28,3.5484284834712647
2020-05-29,-1.051200883844714
2020-05-30,2.5928959755303937
2020-05-31,-2.636072253725712
2020-06-01,7.061288642807689
2020-06-02,-6.612590477709755
2020-06-03,1.1853265016635341
2020-06-04,1.3417109411391661
2020-06-05,-1.5257505246924814
2020-06-06,-0.26035521328659955
2020-06-07,0.9459238384373866
2020-06-08,-0.008236961987765856
2020-06-09,0.1098217691762653
2020-06-10,0.6189487033044339
2020-06-11,-5.853214911554518
2020-06-12,1.5543153815883137
2020-06-13,-0.1963723796922704
2020-06-14,-1.0759273792830923
2020-06-15,0.5409432363425314
2020-06-16,0.7820909393765868
2020-06-17,-0.7451607231557705
2020-06-18,-0.8619073949272821
2020-06-19,-1.4619746178406485
2020-06-20,0.3384203098491131
2020-06-21,-0.4457671158057344
2020-06-22,3.5043969341370436
2020-06-23,-0.335373102342282
2020-06-24,-3.4747353248040738
2020-06-25,-0.6629511469582247
2020-06-26,-1.2435473961163597
2020-06-27,-1.4285808714355928
2020-06-28,0.9420481096909662
2020-06-29,0.3780266892961145
2020-06-30,-0.7144547608227739
2020-07-01,0.8460354717817129
2020-07-02,-1.2810354892272167
2020-07-03,-0.5341842081526815
2020-07-04,0.3583523790798883
2020-07-05,-0.7807794948297333
2020-07-06,3.131393408026779
2020-07-07,-1.4603905002755422
2020-07-08,1.7473155080361056
2020-07-09,-1.7453202690451808
2020-07-10,-0.1285913843856349
2020-07-11,-0.5530074593219478
2020-07-12,0.25284861140794884
2020-07-13,-0.4927787843117113
2020-07-14,-0.14197462881635103
2020-07-15,-0.6841491782377978
2020-07-16,-0.7991369437535776
2020-07-17,0.07199870327433938
2020-07-18,-0.05411180466784089
2020-07-19,0.15429018201149047
2020-07-20,-0.3729115534820384
2020-07-21,2.1350142444748426
2020-07-22,1.4547037456923904
2020-07-23,0.4455023214116348
2020-07-24,-0.599823637519574
2020-07-25,1.3219505255779747
2020-07-26,2.191646735029798
2020-07-27,10.263223601080087
2020-07-28,-0.8503093346382289
2020-07-29,1.5672277202990728
2020-07-30,-0.040882249975271345
2020-07-31,1.754599339946596
2020-08-01,3.6415603757885964
2020-08-02,-6.328828709708654
2020-08-03,1.590962338197877
2020-08-04,-0.49801769758138814
2020-08-05,4.578360792927482
2020-08-06,0.1407714357124924
2020-08-07,-1.6628332023448547
2020-08-08,1.1689039949786042
2020-08-09,-0.806082180042824
2020-08-10,1.5807770930329448
2020-08-11,-4.153754283704859
2020-08-12,1.3792870781511768
2020-08-13,1.5672423981155896
2020-08-14,-0.2672791202437932
2020-08-15,0.6817304278862876
2020-08-16,0.09053199915911367
2020-08-17,2.8575330435623334
2020-08-18,-2.3085844729259923
2020-08-19,-2.099431696562727
2020-08-20,0.878489776749778
2020-08-21,-2.5738292767385924
2020-08-22,0.6300391306132502
2020-08-23,-0.2830816401232594
2020-08-24,0.7988028660973926
2020-08-25,-3.6682434382793256
2020-08-26,0.93199047897045
2020-08-27,-1.5839907648222646
2020-08-28,1.7788288621342367
2020-08-29,-0.4468471221714931
2020-08-30,1.6251501234413421
2020-08-31,-0.39999881659859016
2020-09-01,2.311885787078003
2020-09-02,-4.897625833707565
2020-09-03,-10.940133780394289
2020-09-04,2.430452893131361
2020-09-05,-3.4476477108379613
2020-09-06,0.9458357562264593
2020-09-07,0.7264038417274736
2020-09-08,-2.4600335564372373
2020-09-09,0.9503405735497542
2020-09-10,1.034786493926354
2020-09-11,0.22622052741605314
2020-09-12,0.2582284524816274
2020-09-13,-1.2781297570206553
2020-09-14,3.2627220953502962
2020-09-15,0.9436080768563418
2020-09-16,1.4971102451982152
2020-09-17,-0.3740521804842952
2020-09-18,-0.17787668880512036
2020-09-19,1.2214341408576823
2020-09-20,-1.55443155043531
2020-09-21,-4.586974080231179
2020-09-22,0.5880514617812982
2020-09-23,-2.950225878472874
2020-09-24,4.755970646085864
2020-09-25,-0.7655319757990661
2020-09-26,0.403380049867502
2020-09-27,0.09041532154803397
2020-09-28,-0.7484657120611224
2020-09-29,1.1149153333254866
2020-09-30,-0.6938333205299666
2020-10-01,-1.6798105375482564
2020-10-02,-0.5478975352535893
2020-10-03,-0.38990466719611416
2020-10-04,0.9958288139855792
2020-10-05,1.0155849050472487
2020-10-06,-1.9036094036512714
2020-10-07,0.46933824763603316
2020-10-08,2.148495467305332
2020-10-09,1.2160763948929385
2020-10-10,1.9366247799466247
2020-10-11,0.6367718965741164
2020-10-12,1.3548436127367198
2020-10-13,-1.2643455505126928
2020-10-14,-0.1060756573797367
2020-10-15,0.4367811403376074
2020-10-16,-1.6560398265057232
2020-10-17,0.17962498756373108
2020-10-18,0.9591263243654226
2020-10-19,2.0899911490802547
2020-10-20,1.3358396630988434
2020-10-21,7.2007624331608495
2020-10-22,0.9651557592535761
2020-10-23,-0.4029400429639223
2020-10-24,1.2181852875524348
2020-10-25,-0.7259455221773392
2020-10-26,0.20000772188329874
2020-10-27,4.195112898839265
2020-10-28,-2.9822279392716395
2020-10-29,1.1098673484385757
2020-10-30,0.6675645609047612
2020-10-31,1.5784178166369522
2020-11-01,-0.4566023167784573
2020-11-02,-1.505466009737975
2020-11-03,2.770198517911377
2020-11-04,1.1685014721457772
2020-11-05,9.603938082998326
2020-11-06,-0.2273360282308977
2020-11-07,-4.955257124855872
2020-11-08,4.123923761758541
2020-11-09,-1.0934630301561927
2020-11-10,-0.4081117083875659
2020-11-11,2.5111585617554453
2020-11-12,3.4590270917002317
2020-11-13,0.11678832314546644
2020-11-14,-1.6795146377311605
2020-11-15,-0.8405670900355812
2020-11-16,4.5187468716151935
2020-11-17,5.272604586987748
2020-11-18,0.7571569902100735
2020-11-19,-0.06418099573776963
2020-11-20,4.277233272393205
2020-11-21,-0.025372573908092153
2020-11-22,-1.6086991634009036
2020-11-23,-0.16966150739697758
2020-11-24,3.8303837791300737
2020-11-25,-2.1215762348898974
2020-11-26,-8.958168359804661
2020-11-27,-0.38412242302892297
2020-11-28,3.3601863326006924
2020-11-29,2.425927472814922
2020-11-30,7.528672236589275
2020-12-01,-4.420696057669004
2020-12-02,1.9574384163048033
2020-12-03,1.1266886071919777
2020-12-04,-4.0475897498493465
2020-12-05,2.263618310161502
2020-12-06,0.8540214415637652
2020-12-07,-0.9342386535578686
2020-12-08,-4.779488953050576
2020-12-09,1.1248611055317665
2020-12-10,-1.707107019506655
2020-12-11,-1.2723786504412349
2020-12-12,3.903602634919824
2020-12-13,1.6477109853024086
2020-12-14,0.4055433363717671
2020-12-15,0.743972850294271
2020-12-16,9.16751676025172
2020-12-17,6.640599713648796
2020-12-18,1.3111250751063106
2020-12-19,2.9764374172579253
2020-12-20,-1.7958052919877674
2020-12-21,-3.0514506906587875
2020-12-22,4.070013797151758
2020-12-23,-2.441586663727054
2020-12-24,1.9681478676132436
2020-12-25,3.7009588196318157
2020-12-26,6.801275607592044
2020-12-27,-0.7627418844384768
2020-12-28,2.9081613319980346
2020-12-29,0.8821746512015028
2020-12-30,5.124875191509031
2020-12-31,0.41823722547919784
2021-01-01,1.1383522873965797
2021-01-02,8.821358117454553
2021-01-03,1.8798742429132251
2021-01-04,-2.6398897330077533
2021-01-05,5.990358173894388
2021-01-06,7.864539825661971
2021-01-07,6.5494494284266525
2021-01-08,3.4216459905187793
2021-01-09,-1.4776952594774269
2021-01-10,-4.967691593112767
2021-01-11,-7.689033057798671
2021-01-12,-4.8692907833089585
2021-01-13,9.3963290761995
2021-01-14,4.754518280459159
2021-01-15,-6.3542928946568855
2021-01-16,-1.9108277117880759
2021-01-17,-1.2127302173598955
2021-01-18,2.1788958884967746
2021-01-19,-1.6789952854453558
2021-01-20,-1.5955646949599003
2021-01-21,-14.390456079262083
2021-01-22,6.695698150104126
2021-01-23,-3.0211071368530225
2021-01-24,0.551441737748228
2021-01-25,0.10058386625294416
2021-01-26,0.48899534864230154
2021-01-27,-6.925077519867009
2021-01-28,9.364382957290891
2021-01-29,2.3713640873557083
2021-01-30,-0.2742987287162442
2021-01-31,-3.5665853363833246
2021-02-01,1.1311112093735498
2021-02-02,5.579150890515954
2021-02-03,5.23974678272781
2021-02-04,-1.6055106678084012
2021-02-05,3.1082423334172087
2021-02-06,2.760631130687025
2021-02-07,-1.0653018157665675
2021-02-08,17.044413191386237
2021-02-09,0.4766189411190599
2021-02-10,-3.557963340388902
2021-02-11,6.309118608413281
2021-02-12,-0.9854894632185409
2021-02-13,-0.9818175226081024
2021-02-14,3.2267449931977574
2021-02-15,-1.7354665903073396
2021-02-16,2.44588307664878
2021-02-17,5.683772219526068
2021-02-18,-1.041465656356515
2021-02-19,7.690870546267076
2021-02-20,0.23987535461192017
2021-02-21,2.397572973627113
2021-02-22,-6.103987722951504
2021-02-23,-10.596167447526991
2021-02-24,1.650506576385954
2021-02-25,-5.53461892263126
2021-02-26,-1.7518505431148208
2021-02-27,-0.4646972454249922
2021-02-28,-2.4386906541022153
2021-03-01,9.352473035287794
2021-03-02,-2.6931355182751675
2021-03-03,4.228829771964059
2021-03-04,-4.12825521733887
2021-03-05,0.6134990202275018
2021-03-06,-0.16814570138392085
2021-03-07,4.4463193386421
2021-03-08,1.872670654124125
2021-03-09,4.678041027897442
2021-03-10,1.999774982376688
2021-03-11,3.0196570416036854
2021-03-12,-0.9593302827376469
2021-03-13,6.461403128745189
2021-03-14,-3.357902263354965
2021-03-15,-6.033163839108273
2021-03-16,1.4553041573348207
2021-03-17,3.4347757106096886
2021-03-18,-1.8715581890874287
2021-03-19,0.7017889076319227
2021-03-20,-0.19423090996360112
2021-03-21,-1.5020334114107308
2021-03-22,-5.483331101869395
2021-03-23,0.24636854586829554
2021-03-24,-3.7928187751918547
2021-03-25,-2.186186288981735
2021-03-26,6.291198934563268
2021-03-27,1.3675479000562398
2021-03-28,-0.17832341069644933
2021-03-29,3.0278599419056147
2021-03-30,1.8638179945723268
2021-03-31,-0.13570705266675465
2021-04-01,0.1622802904427092
2021-04-02,0.3493660869827437
2021-04-03,-3.1816411142229515
2021-04-04,1.8470213158117583
2021-04-05,0.3704777351952233
2021-04-06,-1.614032752388249
2021-04-07,-3.8905300827425147
2021-04-08,3.8411245729965917
2021-04-09,-0.2730979810375598
2021-04-10,2.4857768122404074
2021-04-11,0.5485874413141711
2021-04-12,-0.6564048972404258
2021-04-13,5.715071347600674
2021-04-14,-0.7596368123431859
2021-04-15,0.185582114271579
2021-04-16,-2.9263051848829438
2021-04-17,-1.5919356075666062
2021-04-18,-7.784886107238022
2021-04-19,-1.0165409092057525
2021-04-20,1.1971070584705163
2021-04-21,-4.789617551608824
2021-04-22,-4.195831372106803
2021-04-23,-1.4377732659465212
2021-04-24,-2.1996867154371618
2021-04-25,-2.250915325322729
2021-04-26,9.610327682769363
2021-04-27,1.717188917439287
2021-04-28,-0.5170685347997329
2021-04-29,-2.4806103799394146
2021-04-30,7.403875774670108
2021-05-01,-0.0028857613948538863
2021-05-02,-2.2292477564485287
2021-05-03,0.8624672231141387
2021-05-04,-7.137006619803784
2021-05-05,7.252065650021599
2021-05-06,-1.9431523531902597
2021-05-07,1.5500666807174022
2021-05-08,2.3545189728528744
2021-05-09,-1.1142058008289408
2021-05-10,-4.297197113397543
2021-05-11,1.3633527370028404
2021-05-12,-14.43435767472979
2021-05-13,1.006649813583182
2021-05-14,0.19237567855052562
2021-05-15,-6.597513316954476
2021-05-16,-0.790168706449493
2021-05-17,-6.62604144607264
2021-05-18,-1.5908364058889122
2021-05-19,-14.948350632614753
2021-05-20,9.5898586149699
2021-05-21,-9.051624681105283
2021-05-22,0.48218074629830776
2021-05-23,-7.792207577259387
2021-05-24,10.584600685238142
2021-05-25,-0.9255212555285149
2021-05-26,2.1585135838507643
2021-05-27,-2.3433611045795852
2021-05-28,-7.531254147570328
2021-05-29,-3.214212151641391
2021-05-30,2.884351410472536
2021-05-31,4.395948725820406
2021-06-01,-1.8884283547377492
2021-06-02,2.260135872805298
2021-06-03,4.1180186977109114
2021-06-04,-6.221681724138651
2021-06-05,-3.844117254903737
2021-06-06,0.7317169875927934
2021-06-07,-6.770928560960393
2021-06-08,-0.40042050377186716
2021-06-09,10.809767240787666
2021-06-10,-1.8731172967389207
2021-06-11,1.5691148441725242
2021-06-12,-5.0280625014666445
2021-06-13,9.368037132039662
2021-06-14,2.688235799205979
2021-06-15,0.3282023353266677
2021-06-16,-5.368346157040491
2021-06-17,-0.9061190761929857
2021-06-18,-6.2778021365997505
2021-06-19,-0.6176649791555187
2021-06-20,0.09351953395306728
2021-06-21,-12.08982258229389
2021-06-22,2.445661763513221
2021-06-23,3.539024518135225
2021-06-24,2.6099269883382443
2021-06-25,-9.268108394852357
2021-06-26,1.581180842666202
2021-06-27,7.2370844505048595
2021-06-28,-0.7609692430016647
2021-06-29,3.940869114987898
2021-06-30,-2.470163294011339
2021-07-01,-4.419467557513549
2021-07-02,0.825559093917892
2021-07-03,2.112851804708423
2021-07-04,1.6327488036657258
2021-07-05,-4.605118623592838
2021-07-06,1.301578010520073
2021-07-07,-1.2534256624562157
2021-07-08,-3.0688208512225077
2021-07-09,2.624093347361234
2021-07-10,-0.9620631207854201
2021-07-11,1.986582269961397
2021-07-12,-3.355735632209191
2021-07-13,-1.5158516400061535
2021-07-14,0.22961698621699417
2021-07-15,-3.3625898331103308
2021-07-16,-1.274296083274712
2021-07-17,0.2166739243085386
2021-07-18,0.6952773138914674
2021-07-19,-3.2648932962971786
2021-07-20,-3.4714985708473307
2021-07-21,7.305774238267122
2021-07-22,0.4907358907908703
2021-07-23,3.7127512297643674
2021-07-24,1.9571814382408954
2021-07-25,2.9002189823397835
2021-07-26,5.331899871735102
2021-07-27,5.25664235137753
2021-07-28,1.3458696542194608
2021-07-29,-0.10635562736645895
2021-07-30,5.2795800678357505
2021-07-31,-1.5908975349411456
2021-08-01,-4.185447372997483
2021-08-02,-2.090167943906953
2021-08-03,-2.84989211793928
2021-08-04,3.9566734664215475
2021-08-05,2.6461927396985785
2021-08-06,4.516171065215534
2021-08-07,3.844238148451503
2021-08-08,-1.852795387635064
2021-08-09,5.558628211580743
2021-08-10,-1.835057136686912
2021-08-11,-0.11876694019196328
2021-08-12,-2.7268183518461404
2021-08-13,7.163304974465657
2021-08-14,-1.6054173732234003
2021-08-15,-0.24373884606867965
2021-08-16,-2.3784736895426133
2021-08-17,-3.024562900884827
2021-08-18,0.09885366757511801
2021-08-19,4.050942335808846
2021-08-20,5.322147700959238
2021-08-21,-1.020513120972797
2021-08-22,0.7097045423002805
2021-08-23,0.31649167090205294
2021-08-24,-3.9221324305210583
2021-08-25,2.4583691976168525
2021-08-26,-4.34787274266362
2021-08-27,4.2723000328005885
2021-08-28,-0.45667944128346105
2021-08-29,-0.28615147326677104
2021-08-30,-3.8401069921538054
2021-08-31,0.09946418844710372
2021-09-01,3.362922381375629
2021-09-02,0.8416294813910559
2021-09-03,1.2667698031926586
2021-09-04,-0.299191497099441
2021-09-05,3.419900504241224
2021-09-06,1.54867104059596
2021-09-07,-11.860892527155945
2021-09-08,-1.6871223547251906
2021-09-09,0.5111960559692328
2021-09-10,-3.441161661872671
2021-09-11,0.567350943609497
2021-09-12,1.7510124553977922
2021-09-13,-2.5550726026379236
2021-09-14,4.4895576803648405
2021-09-15,2.137817134024806
2021-09-16,-0.9567169410199501
2021-09-17,-1.2230509683539235
2021-09-18,1.9783696179763086
2021-09-19,-2.2691024676824516
2021-09-20,-9.948436834421718
2021-09-21,-5.2864697837587675
2021-09-22,6.702317202252211
2021-09-23,2.847987904896371
2021-09-24,-4.823862526413617
2021-09-25,-0.4255382712670556
2021-09-26,1.0074252070237062
2021-09-27,-2.4148012803830707
2021-09-28,-3.022876292200273
2021-09-29,1.1452494840311447
2021-09-30,5.0806330143903216
2021-10-01,9.28319889570189
2021-10-02,-0.9838543895402039
2021-10-03,0.8809405204875523
2021-10-04,1.7387298619166356
2021-10-05,4.637118056042362
2021-10-06,7.063767140304989
2021-10-07,-2.9875224307606936
2021-10-08,0.16273307699068496
2021-10-09,1.699036293655503
2021-10-10,-0.4960266291135746
2021-10-11,4.6972532733311585
2021-10-12,-2.681219348034621
2021-10-13,2.260238484222261
2021-10-14,-0.27636756761588754
2021-10-15,7.05110284003179
2021-10-16,-1.2835314606849222
2021-10-17,0.9427435093279887
2021-10-18,0.6269862375029258
2021-10-19,3.403701368623886
2021-10-20,2.5201404567774754
2021-10-21,-6.0404098364990055
2021-10-22,-2.6078681056965665
2021-10-23,1.0113174914315306
2021-10-24,-0.8942921319148166
2021-10-25,3.2650843359743313
2021-10-26,-4.475361607532316
2021-10-27,-3.304027383794363
2021-10-28,3.4558061613763287
2021-10-29,2.4767945530892734
2021-10-30,-0.6841180354750164
2021-10-31,-1.0627128623620186
2021-11-01,-0.6519380039280266
2021-11-02,3.43994473742124
2021-11-03,-0.5439235591411016
2021-11-04,-2.577546422886998
2021-11-05,-0.6704559162228881
2021-11-06,0.5175478466687636
2021-11-07,2.745125156552342
2021-11-08,6.342913098729745
2021-11-09,-1.022152915646231
2021-11-10,-3.133459539470626
2021-11-11,-0.20731780815432632
2021-11-12,-1.3676867492973814
2021-11-13,0.3499533734014649
2021-11-14,1.397465466380869
2021-11-15,-3.0969335820976944
2021-11-16,-5.629888422584447
2021-11-17,0.20545349479727693
2021-11-18,-5.980018037756977
2021-11-19,1.9090543072044759
2021-11-20,2.5406029643779857
2021-11-21,-1.7702685613115245
2021-11-22,-4.383094445170944
2021-11-23,2.1104818128951903
2021-11-24,-2.4015149938899634
2021-11-25,1.6135408186519449
2021-11-26,-6.825023099554305
2021-11-27,2.160403963316175
2021-11-28,4.205895630362708
2021-11-29,0.8325254243963001
2021-11-30,-1.5332352395336017
2021-12-01,0.25523507605821544
2021-12-02,-1.4603732083004002
2021-12-03,-5.370801563960273
2021-12-04,-8.698486082942532
2021-12-05,0.2035266498186996
2021-12-06,2.2912096877167913
2021-12-07,0.09430377626059108
2021-12-08,-0.5235716195647816
2021-12-09,-5.909798578273743
2021-12-10,-1.0412249395876296
2021-12-11,4.250381074246422
2021-12-12,1.342017786390342
2021-12-13,-7.081780028243624
2021-12-14,-0.4051257594687382
2021-12-15,4.646234812572031
2021-12-16,-2.6880494172719973
2021-12-17,-3.2556523230300596
2021-12-18,1.2522265682047449
2021-12-19,-0.44069601583969104
2021-12-20,0.2326250404731195
2021-12-21,4.15523629132061
2021-12-22,-0.769226438075007
2021-12-23,4.200550935532543
2021-12-24,-0.06352143067039191
2021-12-25,-0.912615717325534
2021-12-26,0.6123774955575026
2021-12-27,-0.4710050940954462
2021-12-28,-6.35278564862374
2021-12-29,-2.5712441930602745
2021-12-30,1.4291308738871669
2021-12-31,-2.002560273112609
2022-01-01,2.7997303173508827
2022-01-02,-0.8565484374282624
2022-01-03,-2.0291066670024605
2022-01-04,-1.3515364638121974
2022-01-05,-5.344271842907365
2022-01-06,-1.0786727277850678
2022-01-07,-3.9224418624636077
2022-01-08,0.2850618358335853
2022-01-09,0.28715052318520057
2022-01-10,-0.3534241740462115
2022-01-11,2.0256980663178474
2022-01-12,2.661747727765093
2022-01-13,-3.275225792633093
2022-01-14,1.0483234721561714
2022-01-15,0.042472564794855616
2022-01-16,-0.2848642338662437
2022-01-17,-2.1604001673309763
2022-01-18,0.15796792823511352
2022-01-19,-1.6386340417131509
2022-01-20,-2.7193173069864764
2022-01-21,-11.098111288970083
2022-01-22,-4.130661881390763
2022-01-23,3.359014380692066
2022-01-24,0.8976537132438002
2022-01-25,0.6766056852690264
2022-01-26,-0.41372544238265074
2022-01-27,0.6357407916525012
2022-01-28,1.5871075116154065
2022-01-29,0.7944921764948848
2022-01-30,-0.7176876431415994
2022-01-31,1.3427978092131765
2022-02-01,0.5360888528373213
2022-02-02,-4.868716993338377
2022-02-03,0.40647858577306795
2022-02-04,10.925045348318625
2022-02-05,-0.28162534579957144
2022-02-06,2.1790446543317747
2022-02-07,3.1735152735276446
2022-02-08,0.49483789910776066
2022-02-09,0.3605683707736429
2022-02-10,-1.8979823755649843
2022-02-11,-2.8297556029432753
2022-02-12,-0.5238551807127331
2022-02-13,-0.2488510183804104
2022-02-14,0.78093383403711
2022-02-15,4.425417451297979
2022-02-16,-1.5231725024159481
2022-02-17,-8.245876069336536
2022-02-18,-1.3962956398021475
2022-02-19,0.08987082176313241
2022-02-20,-4.443085172078615
2022-02-21,-3.7300240922615213
2022-02-22,3.0758104367245656
2022-02-23,-2.756006458968125
2022-02-24,2.6023149977288913
2022-02-25,2.1362020621045
2022-02-26,-0.41617023003378356
2022-02-27,-3.771094789868788
2022-02-28,13.438782732906077
2022-03-01,2.5156950358263854
2022-03-02,-1.1130145909668128
2022-03-03,-3.547090862667426
2022-03-04,-8.26617055394964
2022-03-05,0.532047625437253
2022-03-06,-2.6579367026617926
2022-03-07,-1.0736745244995802
2022-03-08,1.620830824170009
2022-03-09,7.908440303959756
2022-03-10,-6.392328677479116
2022-03-11,-1.7801912264907318
2022-03-12,0.1430276830406374
2022-03-13,-2.8851699949245746
2022-03-14,4.551486943527334
2022-03-15,-0.9678901872439012
2022-03-16,4.348903769993953
2022-03-17,-0.6067346852055095
2022-03-18,1.9162088000675324
2022-03-19,0.7898257457751365
2022-03-20,-2.3976752860227104
2022-03-21,-0.5502191861727582
2022-03-22,2.932736133571278
2022-03-23,1.115481611637117
2022-03-24,2.3217295991524143
2022-03-25,0.7406286433404767
2022-03-26,0.20472855113116284
2022-03-27,4.943674581812131
2022-03-28,0.5169982789109081
2022-03-29,0.5764169764929339
2022-03-30,-0.9904425208991101
2022-03-31,-3.429443951684401
2022-04-01,1.4807024035756857
2022-04-02,-1.0333465514931168
2022-04-03,1.128841126878608
2022-04-04,0.22573557718717657
2022-04-05,-2.452129058015697
2022-04-06,-5.432213507483577
2022-04-07,0.5476494257271907
2022-04-08,-2.9730402233198165
2022-04-09,1.0248805315671627
2022-04-10,-1.4895076551578068
2022-04-11,-6.712342452910988
2022-04-12,1.3822561827500053
2022-04-13,2.419998752122962
2022-04-14,-3.174080332880171
2022-04-15,1.3978749252867968
2022-04-16,-0.45620028139654684
2022-04-17,-1.9033952856203036
2022-04-18,2.616983839012476
2022-04-19,1.5058864364974407
2022-04-20,-0.4474297820471608
2022-04-21,-2.2060869682580306
2022-04-22,-2.098751522617982
2022-04-23,-0.7778049301839575
2022-04-24,-0.18181315576063836
2022-04-25,2.3372620101835904
2022-04-26,-6.097598696280837
2022-04-27,2.7676305020259293
2022-04-28,1.2107476747263886
2022-04-29,-3.1078783635089953
2022-04-30,-2.4828608532180527
2022-05-01,1.8424150226140945
2022-05-02,0.01881316315564499
2022-05-03,-2.1798671815161024
2022-05-04,4.893624755873074
2022-05-05,-8.331779470333762
2022-05-06,-1.609021008189806
2022-05-07,-1.6443729031200576
2022-05-08,-4.2862028761258015
2022-05-09,-11.84313932324114
2022-05-10,2.2302262412222054
2022-05-11,-7.100349366078185
2022-05-12,0.24658856662513529
2022-05-13,0.6693153019024177
2022-05-14,2.6180110376594548
2022-05-15,3.783779963461661
2022-05-16,-4.854036880019188
2022-05-17,1.7298880997606934
2022-05-18,-5.906605300821478
2022-05-19,5.2641042536635165
2022-05-20,-3.8803039973863034
2022-05-21,0.6519726182265682
2022-05-22,2.846368656152485
2022-05-23,-4.260604031092796
2022-05-24,1.7573351792808376
2022-05-25,-0.4524958104420543
2022-05-26,-1.1410129519133014
2022-05-27,-2.347431899682463
2022-05-28,0.5145811179655432
2022-05-29,2.028756020469776
2022-05-30,7.321579818965883
2022-05-31,0.06991775027460054
2022-06-01,-6.612336064509617
2022-06-02,2.080620393672362
2022-06-03,-2.674171968445245
2022-06-04,0.2940985394643759
2022-06-05,0.10925558828250459
2022-06-06,4.641574115470564
2022-06-07,-0.8259764633130874
2022-06-08,-3.2049376957691686
2022-06-09,-0.47698895200558644
2022-06-10,-3.6118649212060965
2022-06-11,-2.6549627384563235
2022-06-12,-5.937751149308035
2022-06-13,-17.542898175093132
2022-06-14,-1.3932846915318264
2022-06-15,1.4972745109602577
2022-06-16,-10.348883130436445
2022-06-17,0.3021380908301493
2022-06-18,-7.50421411991498
2022-06-19,7.627658954980911
2022-06-20,0.08720505583160448
2022-06-21,0.4000498233836445
2022-06-22,-3.6938435298892593
2022-06-23,5.214351967829144
2022-06-24,0.5513379639500796
2022-06-25,1.129195107236388
2022-06-26,-2.3716746341558244
2022-06-27,-1.5351610819057742
2022-06-28,-2.3556122769680483
2022-06-29,-1.012294223414915
2022-06-30,-1.7386141730542932
2022-07-01,-2.7770041642222933
2022-07-02,-0.2784385830634808
2022-07-03,0.14684740022513937
2022-07-04,4.589899720874661
2022-07-05,-0.3412308100565694
2022-07-06,1.6206019283623037
2022-07-07,5.027996341435652
2022-07-08,0.2936792738162666
2022-07-09,-0.7789171138105849
2022-07-10,-3.5853909699287274
2022-07-11,-4.497239336902823
2022-07-12,-3.4292051363280773
2022-07-13,4.3560329970560785
2022-07-14,1.6173221288980826
2022-07-15,1.1491767068631904
2022-07-16,1.5469866317709182
2022-07-17,-2.096132968400814
2022-07-18,7.754324825586777
2022-07-19,3.8028852029156925
2022-07-20,-0.8141673610630261
2022-07-21,-0.4269051744309068
2022-07-22,-2.0978375739142714
2022-07-23,-1.2421140571449936
2022-07-24,0.49990408159973476
2022-07-25,-5.813208975629331
2022-07-26,-0.7101473801102219
2022-07-27,7.521899157510022
2022-07-28,3.7681400917753347
2022-07-29,-0.3024074665701052
2022-07-30,-0.7631113440442896
2022-07-31,-1.4966316033867444
2022-08-01,-0.23494946825523486
2022-08-02,-1.589667705687428
2022-08-03,-0.7120491681801918
2022-08-04,-1.085595554278183
2022-08-05,2.7299469113899524
2022-08-06,-1.5561789787315439
2022-08-07,0.7926822755784
2022-08-08,2.559511537031768
2022-08-09,-2.884742347063601
2022-08-10,3.1880365079620767
2022-08-11,-0.09636679068930573
2022-08-12,1.7039552082637708
2022-08-13,-0.050600784540189556
2022-08-14,-0.5673813051592631
2022-08-15,-0.8903301158715811
2022-08-16,-1.1942136248396311
2022-08-17,-2.45583748581256
2022-08-18,-0.6672387005039844
2022-08-19,-10.740307187594707
2022-08-20,1.2348001328400815
2022-08-21,1.5863293538295045
2022-08-22,-0.7675232545883482
2022-08-23,0.4642163880402299
2022-08-24,-0.7576763252790051
2022-08-25,0.8200586678694752
2022-08-26,-6.546214653392418
2022-08-27,-1.2208879788187428
2022-08-28,-2.2806364281516505
2022-08-29,3.275856165572215
2022-08-30,-2.637775775782787
2022-08-31,1.132019419453305
2022-09-01,0.24753873892737627
2022-09-02,-0.9225909665420178
2022-09-03,-0.829490790975874
2022-09-04,0.639004084800861
2022-09-05,-1.0137581970431986
2022-09-06,-5.18244946466216
2022-09-07,2.236872377487504
2022-09-08,0.06696403292757289
2022-09-09,9.948366769362984
2022-09-10,1.252880843913788
2022-09-11,0.2707221988784483
2022-09-12,2.58657338974034
2022-09-13,-9.865862889768493
2022-09-14,-0.41203986496346917
2022-09-15,-2.8411016215522684
2022-09-16,0.22397981991717164
2022-09-17,1.6418062741475867
2022-09-18,-3.718923602176161
2022-09-19,0.5020482048652647
2022-09-20,-3.537690752134832
2022-09-21,-1.9721243489484674
2022-09-22,4.426524757486809
2022-09-23,-0.7365006270971871
2022-09-24,-2.024087068358997
2022-09-25,-0.8526288011349213
2022-09-26,2.0745538183034395
2022-09-27,-0.7226464144430229
2022-09-28,1.5032669182929363
2022-09-29,0.6127755780830633
2022-09-30,-0.861975346601243
2022-10-01,-0.7555146480809668
2022-10-02,-1.5350317910538864
2022-10-03,2.8597746333083696
2022-10-04,3.432586572851708
2022-10-05,-1.007463604928606
2022-10-06,-1.1610471732856031
2022-10-07,-2.2064258041736693
2022-10-08,-0.8063817391422856
2022-10-09,0.01601180148804876
2022-10-10,-1.718178212134879
2022-10-11,-0.609283368696566
2022-10-12,0.4173466400210085
2022-10-13,1.0323596548036806
2022-10-14,-1.160495620363239
2022-10-15,-0.7546976649852638
2022-10-16,0.9081741512556266
2022-10-17,1.3187064157206105
2022-10-18,-1.2503757323589468
2022-10-19,-1.150705187020176
2022-10-20,-0.5869109133391399
2022-10-21,0.4835480679132619
2022-10-22,0.04849614197920574
2022-10-23,1.713172097991118
2022-10-24,-1.275773322952929
2022-10-25,3.667369562560212
2022-10-26,3.1640764384686504
2022-10-27,-2.498441429588239
2022-10-28,1.3766062605156955
2022-10-29,0.9399060679003871
2022-10-30,-1.0199408693885106
2022-10-31,-0.8175648827160376
2022-11-01,-0.1888861990055466
2022-11-02,-1.740685399011583
2022-11-03,0.11246865165263431
2022-11-04,4.395556827340975
2022-11-05,0.5008752545450947
2022-11-06,-1.825491724231414
2022-11-07,-1.6964289839488154
2022-11-08,-10.680507678572187
2022-11-09,-15.626597814440807
2022-11-10,10.06609790370233
2022-11-11,-3.3294883575562064
2022-11-12,-1.5274569721641842
2022-11-13,-2.8273134958959654
2022-11-14,1.4688302430338176
2022-11-15,1.452788720525454
2022-11-16,-1.4202110344998937
2022-11-17,-0.029251055361147138
2022-11-18,-0.0761802128558551
2022-11-19,-0.055213721458130374
2022-11-20,-2.6812460268681675
2022-11-21,-3.2835492561335045
2022-11-22,2.3798285106130956
2022-11-23,2.42915270114766
2022-11-24,-0.17522936065177938
2022-11-25,-0.6364804869363949
2022-11-26,-0.48664190958840287
2022-11-27,-0.2570896778841736
2022-11-28,-1.5295278215232426
2022-11-29,1.2564034136085178
2022-11-30,4.168333660968298
2022-12-01,-1.3178498569628232
2022-12-02,0.576055607154422
2022-12-03,-1.1990664842057175
2022-12-04,1.1682412489104808
2022-12-05,-1.0504699191415026
2022-12-06,0.5356605276558596
2022-12-07,-1.5601407806698622
2022-12-08,2.1237770106778737
2022-12-09,-0.7214800480149448
2022-12-10,-0.16348941795761146
2022-12-11,-0.2809626771649541
2022-12-12,0.4583497938043959
2022-12-13,3.1488358756467956
2022-12-14,0.055250066791031144
2022-12-15,-2.700481099528528
2022-12-16,-4.3566238955760355
2022-12-17,0.7451142378631131
2022-12-18,-0.3588761145620042
2022-12-19,-2.055288186911445
2022-12-20,2.6612275108211376
2022-12-21,-0.6640939394437536
2022-12-22,-0.061521456318223075
2022-12-23,-0.33622384030828667
2022-12-24,0.16435261804639978
2022-12-25,-0.17189396482318642
2022-12-26,0.32334260104106366
2022-12-27,-1.3424676842639482
2022-12-28,-1.1271480274511139
2022-12-29,0.403221485125851
2022-12-30,-0.3768125853020585
2022-12-31,-0.470009562381905
2023-01-01,0.33011763373163294
2023-01-02,0.24292707104438144
2023-01-03,-0.18926848737592633
2023-01-04,0.9557723987774455
2023-01-05,-0.29492476926995814
2023-01-06,0.5444362261292274
2023-01-07,-0.1193024145957381
2023-01-08,0.6616652374760149
2023-01-09,0.4772159213045656
2023-01-10,1.304170389662647
2023-01-11,2.624472052347029
2023-01-12,4.942675051592669
2023-01-13,5.2272782829407705
2023-01-14,5.081601058658113
2023-01-15,-0.5939582751624575
2023-01-16,1.2361289978016048
2023-01-17,-0.17597543535956478
2023-01-18,-2.3969261127561565
2023-01-19,1.7678904128637054
2023-01-20,7.13081226367869
2023-01-21,0.30707930201922107
2023-01-22,-0.3891220204692756
2023-01-23,0.7999012224308379
2023-01-24,-1.4453509175167003
2023-01-25,1.9666754727062643
2023-01-26,-0.5063578568105576
2023-01-27,0.06166164999041432
2023-01-28,-0.3442744287354279
2023-01-29,3.039490541078331
2023-01-30,-4.147334464021272
2023-01-31,1.163585856525323
2023-02-01,2.356930461574305
2023-02-02,-1.2051179851629161
2023-02-03,-0.23375662219324628
2023-02-04,-0.6398743717125356
2023-02-05,-1.7630918205536759
2023-02-06,-0.9931806395546198
2023-02-07,2.053376574067198
2023-02-08,-1.5440152458266891
2023-02-09,-5.144937789537803
2023-02-10,-0.9099247699165528
2023-02-11,0.8719290647565104
2023-02-12,-0.516359073720641
2023-02-13,-0.04635801800223585
2023-02-14,1.7371036075875312
2023-02-15,8.839357788893537
2023-02-16,-2.9934531455826634
2023-02-17,3.7729819451839735
2023-02-18,0.16993936745532906
2023-02-19,-1.418614906870057
2023-02-20,1.9028614770055219
2023-02-21,-1.7322811511984697
2023-02-22,-1.155682685526402
2023-02-23,-1.1404346736279054
2023-02-24,-3.316849738070446
2023-02-25,-0.23576780574250222
2023-02-26,1.5135115859608357
2023-02-27,-0.3005082465955783
2023-02-28,-1.7469160849363914
2023-03-01,1.9960374964902776
2023-03-02,-0.8637780183742609
2023-03-03,-4.993885570403226
2023-03-04,-0.17937334963805787
2023-03-05,0.2292524701062459
2023-03-06,-0.16330141524524394
2023-03-07,-1.0782568940302535
2023-03-08,-2.4213745035392993
2023-03-09,-6.5800943302794215
2023-03-10,-1.0046086857374692
2023-03-11,2.0435791269849983
2023-03-12,7.0227481871069175
2023-03-13,8.64072043942245
2023-03-14,2.1039734823244887
2023-03-15,-1.6445849799878856
2023-03-16,2.6011291995389576
2023-03-17,8.905438738052636
2023-03-18,-1.8220085889207662
2023-03-19,3.7636082422702617
2023-03-20,-1.1104488651336175
2023-03-21,1.323082948304985
2023-03-22,-3.268136476028619
2023-03-23,3.552600094718057
2023-03-24,-3.149616315981655
2023-03-25,-0.1324714137993692
2023-03-26,1.6632047929210638
2023-03-27,-3.237387003029422
2023-03-28,0.33376701196531916
2023-03-29,3.7476969338430717
2023-03-30,-1.254602871559403
2023-03-31,1.4369984914192737
2023-04-01,-0.3747666395661432
2023-04-02,-0.8856601819237314
2023-04-03,-1.5989704124654938
2023-04-04,1.2129155900376927
2023-04-05,-0.10252242695550144
2023-04-06,-0.6137687320840308
2023-04-07,-0.5603030870556411
2023-04-08,-0.05912460346025364
2023-04-09,1.231426255464687
2023-04-10,4.4157216783129325
2023-04-11,1.8063059590071284
2023-04-12,-0.45567977903952184
2023-04-13,0.7213703794020645
2023-04-14,0.14693679877572113
2023-04-15,-0.687616714178306
2023-04-16,-0.1480023096646426
2023-04-17,-3.050515325108225
2023-04-18,3.046003102355539
2023-04-19,-5.457596660293324
2023-04-20,-2.1587556593541963
2023-04-21,-3.6287307245973346
2023-04-22,1.8248326582137295
2023-04-23,-0.9538171201639403
2023-04-24,-0.37729785338322674
2023-04-25,2.664677779969296
2023-04-26,0.26814958943197115
2023-04-27,3.493670288803374
2023-04-28,-0.5917032864012869
2023-04-29,-0.4509233202145174
2023-04-30,-0.06819904852632255
2023-05-01,-4.24292861852758
2023-05-02,1.9372840316859525
2023-05-03,0.9918170850767823
2023-05-04,-0.6859127799636277
2023-05-05,2.214809366109134
2023-05-06,-2.2930050483407793
2023-05-07,-1.7054842294253745
2023-05-08,-2.8473910286850006
2023-05-09,-0.26590350879065106
2023-05-10,-0.27157635858150386
2023-05-11,-2.41140578470648
2023-05-12,-0.8654447130186088
2023-05-13,-0.21568917765172865
2023-05-14,0.40805814116849215
2023-05-15,0.830725820546326
2023-05-16,-0.7131373280953465
2023-05-17,1.1929519224209546
2023-05-18,-2.2272752912753235
2023-05-19,0.07798404559085625
2023-05-20,0.7489170311173492
2023-05-21,-1.532379678879789
2023-05-22,0.22594655968815192
2023-05-23,1.247253266916526
2023-05-24,-3.4646830162156865
2023-05-25,0.39780962308767276
2023-05-26,0.7762902687796586
2023-05-27,0.4186900370588029
2023-05-28,4.293306977933981
2023-05-29,-1.354754208159569
2023-05-30,-0.29467293962934477
2023-05-31,-1.8954222697525993
2023-06-01,-1.6169011965448954
2023-06-02,1.4515181091535427
2023-06-03,-0.779934540868002
2023-06-04,0.024505400103891573
2023-06-05,-5.2786775673152695
2023-06-06,5.443868858807529
2023-06-07,-3.470185409506984
2023-06-08,0.4761936089443548
2023-06-09,-0.2427290112000987
2023-06-10,-2.5421744651732836
2023-06-11,0.20576462500829767
2023-06-12,-0.2829594977315555
2023-06-13,-0.07501030182867546
2023-06-14,-3.2491784006881046
2023-06-15,1.6442945435855543
2023-06-16,2.7566343291111197
2023-06-17,0.5558470818945619
2023-06-18,-0.7979033412574733
2023-06-19,1.7982817227481025
2023-06-20,5.215206531087919
2023-06-21,5.689778323256027
2023-06-22,-0.5214153553956075
2023-06-23,2.446947579389288
2023-06-24,-0.6169497876754829
2023-06-25,-0.36190906966894265
2023-06-26,-0.8261265912437452
2023-06-27,1.2306133440982046
2023-06-28,-2.118534788729857
2023-06-29,1.0488767563470134
2023-06-30,-0.03291866950960645
2023-07-01,0.23187143888174316
2023-07-02,-0.03736205051169039
2023-07-03,1.5965996343699413
2023-07-04,-1.3610809024704857
2023-07-05,-0.9971963495553718
2023-07-06,-2.1396729614207217
2023-07-07,1.2994480006037157
2023-07-08,-0.3016564519967666
2023-07-09,-0.5388974761599962
2023-07-10,0.6653108830905193
2023-07-11,0.5389518391323614
2023-07-12,-0.889309951322886
2023-07-13,3.3682688025204843
2023-07-14,-3.833188274402295
2023-07-15,-0.2638570918118762
2023-07-16,-0.29182215027474284
2023-07-17,-0.47953952683745343
2023-07-18,-1.1020316469171176
2023-07-19,0.054295697602253556
2023-07-20,-0.546005628190715
2023-07-21,0.2534028278906323
2023-07-22,-0.5965585193392839
2023-07-23,0.9073228809130801
2023-07-24,-3.2009968139119787
2023-07-25,0.03520255059796454
2023-07-26,0.29792233592036965
2023-07-27,-0.6303668558554337
2023-07-28,0.23330142302726464
2023-07-29,-0.009236920518864655
2023-07-30,-0.41602037617002074
2023-07-31,-0.29214927967026477
2023-08-01,1.375380385182754
2023-08-02,-1.918393749117024
2023-08-03,-0.04602491950858731
2023-08-04,-0.4967263520557094
2023-08-05,-0.24764618641818237
2023-08-06,-0.13857779687916666
2023-08-07,0.3388843828116991
2023-08-08,1.846995700479249
2023-08-09,-0.8253531391322635
2023-08-10,-0.5848378963588998
2023-08-11,-0.24601768960675263
2023-08-12,-0.07558260371252573
2023-08-13,-0.5909770698704614
2023-08-14,0.29011841004553823
2023-08-15,-0.9505550093014679
2023-08-16,-1.7570014812964665
2023-08-17,-7.500055007032281
2023-08-18,-2.4710678628072147
2023-08-19,0.04127259765285213
2023-08-20,0.2195439445846908
2023-08-21,-0.3878388838867815
2023-08-22,-0.4922899493513121
2023-08-23,1.3872025574899927
2023-08-24,-1.161599573538599
2023-08-25,-0.5770422411200218
2023-08-26,-0.2882691960706386
2023-08-27,0.17419350667324912
2023-08-28,-0.07458421491400118
2023-08-29,5.8873462596590125
2023-08-30,-1.7010719345583838
2023-08-31,-5.270557542385022
2023-09-01,-0.6431244274934219
2023-09-02,0.12585569042162636
2023-09-03,0.25113355674258603
2023-09-04,-0.7446142478295107
2023-09-05,-0.2633731398690472
2023-09-06,-0.24144437758542858
2023-09-07,1.7355675527689671
2023-09-08,-1.4207579834769648
2023-09-09,-0.1761615537339901
2023-09-10,-0.38296978791182484
2023-09-11,-2.763831104174121
2023-09-12,2.4928697978656595
2023-09-13,1.3797422984424945
2023-09-14,1.0424405156710708
2023-09-15,0.12208114350582205
2023-09-16,-0.2896340328380023
2023-09-17,-0.26605041609101765
2023-09-18,0.6884081415490485
2023-09-19,1.5554672688171474
2023-09-20,-0.42879088736527354
2023-09-21,-2.2396897690958997
2023-09-22,-0.09272794334053805
2023-09-23,-0.13831168762769486
2023-09-24,-1.3586557049576697
2023-09-25,0.020873081195685816
2023-09-26,-0.44699995697860373
2023-09-27,0.3777352878528596
2023-09-28,2.368677626069868
2023-09-29,-0.5449104544558336
2023-09-30,0.07095281464242151
2023-10-01,3.5599690882121795
2023-10-02,-1.7695575762776752
2023-10-03,-0.5044747040205462
2023-10-04,1.2001289328221976
2023-10-05,-1.526709223010366
2023-10-06,1.7795453813895032
2023-10-07,-0.058086475407877564
2023-10-08,-0.25838586573233707
2023-10-09,-1.4035817702186861
2023-10-10,-0.838543598685239
2023-10-11,-2.0457650816532684
2023-10-12,-0.572181162143871
2023-10-13,0.25615758089695967
2023-10-14,-0.14012966159895462
2023-10-15,0.9654330341609777
2023-10-16,4.747796733050486
2023-10-17,-0.5019829407035357
2023-10-18,-0.445714972394845
2023-10-19,1.234780118721218
2023-10-20,3.160933900829058
2023-10-21,0.6524869941816894
2023-10-22,0.11433999809750334
2023-10-23,9.67469755549001
2023-10-24,2.296632181351256
2023-10-25,1.6204571150866132
2023-10-26,-1.1460248408193365
2023-10-27,-0.8629599230832887
2023-10-28,0.39110849871389497
2023-10-29,1.170605224387653
2023-10-30,-0.2422685750781365
2023-10-31,0.3406508827431901
2023-11-01,2.0576445646428554
2023-11-02,-1.5558073012399949
2023-11-03,-0.7287636929406099
2023-11-04,0.864652871942302
2023-11-05,-0.2312951291254881
2023-11-06,-0.17184169867693883
2023-11-07,1.0149975329339354
2023-11-08,0.45790953192143735
2023-11-09,2.731580985020493
2023-11-10,1.5401916076073139
2023-11-11,-0.6102112292668744
2023-11-12,-0.3628172566342982
2023-11-13,-1.638996702929013
2023-11-14,-2.816078781405555
2023-11-15,6.246976930201746
2023-11-16,-4.800618616492633
2023-11-17,1.077231699241854
2023-11-18,-0.167651498992461
2023-11-19,2.027696141724343
2023-11-20,0.10389044807338699
2023-11-21,-4.676905189620927
2023-11-22,4.282495949357537
2023-11-23,-0.5196429389694814
2023-11-24,1.010645094937158
2023-11-25,0.06499129613392571
2023-11-26,-0.981667981535224
2023-11-27,-0.7396606718182571
2023-11-28,1.399088363697294
2023-11-29,-0.06522549457660588
2023-11-30,-0.5233618972733382
2023-12-01,2.417430014036727
2023-12-02,1.8776013164459622
2023-12-03,1.1261340546228817
2023-12-04,4.748013691230238
2023-12-05,4.744880458546914
2023-12-06,-0.8986945677659394
2023-12-07,-1.1803590011247445
2023-12-08,1.8609253260539336
2023-12-09,-1.1402779158988885
2023-12-10,-0.014874170783822194
2023-12-11,-6.104507667109789
2023-12-12,0.3615248190031441
2023-12-13,3.278631959677596
2023-12-14,0.17250311849430533
2023-12-15,-2.7138108783845545
2023-12-16,0.5998198574897657
2023-12-17,-2.2319852382733214
2023-12-18,2.8603239537528653
2023-12-19,-0.9693000692876168
2023-12-20,3.078830727048964
2023-12-21,0.35801356657877126
2023-12-22,0.1554135812933945
2023-12-23,-0.726582237323866
2023-12-24,-1.8054132570741683
2023-12-25,1.240720167271221
2023-12-26,-2.675090951409208
2023-12-27,2.008596123007925
2023-12-28,-2.031491323729452
2023-12-29,-1.3850809326269973
2023-12-30,-0.0011546737577662891
2023-12-31,0.11888989777942371
2024-01-01,4.264523486306576
2024-01-02,1.6366174039344137
2024-01-03,-4.944138355301621
2024-01-04,2.9230927744025053
2024-01-05,-0.17665128194135934
2024-01-06,-0.5312734101770881
2024-01-07,-0.24249107750370202
2024-01-08,6.524783638161274
2024-01-09,-1.9221847080699113
2024-01-10,0.9145602777687479
2024-01-11,-0.6950671121783453
2024-01-12,-8.021905880725456
2024-01-13,-0.162813863844755
2024-01-14,-2.609720532961915
2024-01-15,1.5602134072158966
2024-01-16,1.3634934531545584
2024-01-17,-1.0976142800122441
2024-01-18,-3.6630335978641373
2024-01-19,0.7222697763813114
2024-01-20,-0.024344652071456918
2024-01-21,-0.4255864898817639
2024-01-22,-5.168534025551561
2024-01-23,0.7147154283661287
2024-01-24,0.4417275753724812
2024-01-25,-0.4957587263753856
2024-01-26,4.470014452055606
2024-01-27,0.5847682881136014
2024-01-28,-0.3383685991568546
2024-01-29,2.7987985762653724
2024-01-30,-0.9160174964196742
2024-01-31,-1.0027982783307823
2024-02-01,1.013846031997884
2024-02-02,0.11759445559834569
2024-02-03,-0.5869675466411655
2024-02-04,-1.0927516203006746
2024-02-05,0.038527755738702735
2024-02-06,0.8560374734438346
2024-02-07,2.685221623601978
2024-02-08,2.0569241307853905
2024-02-09,3.85565654341507
2024-02-10,1.177353072080329
2024-02-11,0.9504634284322985
2024-02-12,3.2505048557390306
2024-02-13,-0.5705018734378403
2024-02-14,3.9670419536148027
2024-02-15,0.07795792548474836
2024-02-16,0.28820026355006634
2024-02-17,-1.095445947204918
2024-02-18,0.7479404306452861
2024-02-19,-0.7986593668307443
2024-02-20,0.834324936305857
