Date,eps2
2014-09-18,57.790071220360964
2014-09-19,54.431841783595786
2014-09-20,11.380373348807833
2014-09-21,6.940110013926562
2014-09-22,0.481772848965594
2014-09-23,62.34075175739528
2014-09-24,9.414159861942235
2014-09-25,8.552259923896688
2014-09-26,3.5717224784789257
2014-09-27,1.843866874426729
2014-09-28,34.70983271971563
2014-09-29,0.35176703853587593
2014-09-30,8.255817200368934
2014-10-01,1.00340094703905
2014-10-02,5.711080250621337
2014-10-03,19.137891132549782
2014-10-04,81.85472864681326
2014-10-05,7.351303418467304
2014-10-06,7.863600740134983
2014-10-07,2.876113297576848
2014-10-08,22.32946199078801
2014-10-09,10.429075314114959
2014-10-10,1.1905973368556189
2014-10-11,0.004354308788893673
2014-10-12,18.061865759592493
2014-10-13,8.694086142197618
2014-10-14,6.276540496791256
2014-10-15,2.789788803454017
2014-10-16,10.766486699641241
2014-10-17,0.030999131530436833
2014-10-18,3.4035662172576497
2014-10-19,0.3883555510379341
2014-10-20,3.507436783455407
2014-10-21,0.6497259500878285
2014-10-22,0.9992440026678997
2014-10-23,46.412538081394665
2014-10-24,0.02487901406740918
2014-10-25,10.736893410844122
2014-10-26,3.9211102098173845
2014-10-27,0.3872776195009908
2014-10-28,1.3577017618614653
2014-10-29,42.18330109547146
2014-10-30,7.375823020792785
2014-10-31,4.756456406189227
2014-11-01,15.4013054987056
2014-11-02,0.008789465814907855
2014-11-03,0.13767217606048862
2014-11-04,0.5705012883014531
2014-11-05,6.489139881920708
2014-11-06,7.340539743601506
2014-11-07,4.517963006923636
2014-11-08,0.5712370809770682
2014-11-09,23.810012208985828
2014-11-10,0.7479619389074958
2014-11-11,0.0052216141100549255
2014-11-12,196.18851998824306
2014-11-13,0.6513838454948329
2014-11-14,32.93035916759584
2014-11-15,32.98002116673642
2014-11-16,8.632970780112327
2014-11-17,0.06755819308427927
2014-11-18,11.156216375017406
2014-11-19,1.638498014327848
2014-11-20,39.590743064783105
2014-11-21,4.456034156867329
2014-11-22,0.2035771220608502
2014-11-23,15.448093441913397
2014-11-24,5.609410000085054
2014-11-25,0.3030955995046709
2014-11-26,4.057061892630763
2014-11-27,0.0460732289219527
2014-11-28,2.819061487405694
2014-11-29,0.15359950980246798
2014-11-30,0.29242062794264767
2014-12-01,0.03195058337841887
2014-12-02,0.16540165838879467
2014-12-03,3.2578528945056706
2014-12-04,2.527138303092205
2014-12-05,3.257755027608525
2014-12-06,0.4735844019883833
2014-12-07,0.00302101369869334
2014-12-08,13.810864049582953
2014-12-09,8.131676709725197
2014-12-10,3.2893083452786978
2014-12-11,1.104248892321948
2014-12-12,0.19496226037044598
2014-12-13,2.604474617297616
2014-12-14,1.1665996797392615
2014-12-15,3.7704515585278138
2014-12-16,31.10355326084971
2014-12-17,5.714713736593788
2014-12-18,7.801844540533744
2014-12-19,3.654091427507094
2014-12-20,12.97826099300888
2014-12-21,8.634110165462907
2014-12-22,10.538592702945355
2014-12-23,0.44677872016547493
2014-12-24,14.455173264335274
2014-12-25,1.5298744468210481
2014-12-26,6.858800330210072
2014-12-27,15.09302476421885
2014-12-28,0.08823573202181137
2014-12-29,2.522869028366678
2014-12-30,0.574245761286953
2014-12-31,8.179939766290252
2015-01-01,4.046013514630023
2015-01-02,0.012369650644538495
2015-01-03,133.18140386950972
2015-01-04,40.11370323707183
2015-01-05,13.536962012202432
2015-01-06,16.337319627811414
2015-01-07,7.127054070020968
2015-01-08,15.541310212532174
2015-01-09,5.396800439108641
2015-01-10,32.07439046708179
2015-01-11,12.382015554134403
2015-01-12,0.43979707291366876
2015-01-13,294.7476300586961
2015-01-14,570.8952587127186
2015-01-15,264.4719077298116
2015-01-16,0.9479907852446479
2015-01-17,20.04377135109928
2015-01-18,27.808356615671972
2015-01-19,3.957834062965038
2015-01-20,3.246403745073055
2015-01-21,48.67829353732409
2015-01-22,7.23977909075466
2015-01-23,0.13226936904312595
2015-01-24,37.107827987156256
2015-01-25,4.8555763706156725
2015-01-26,54.17403683274658
2015-01-27,14.915652058568547
2015-01-28,144.90662372962254
2015-01-29,0.09588006365635167
2015-01-30,10.36866043758613
2015-01-31,17.43635971385689
2015-02-01,17.153589480801934
2015-02-02,22.117569369762112
2015-02-03,23.502018873700823
2015-02-04,0.1026673627433095
2015-02-05,20.493672835912463
2015-02-06,4.879572009182743
2015-02-07,5.296795262802042
2015-02-08,4.253868075047867
2015-02-09,2.6460285409394078
2015-02-10,0.06803611456136187
2015-02-11,0.18972992275138084
2015-02-12,1.0652813083618655
2015-02-13,34.1180724267852
2015-02-14,76.64488383502211
2015-02-15,86.23030824337667
2015-02-16,0.3099163301773193
2015-02-17,15.635854624868239
2015-02-18,10.06970187565083
2015-02-19,2.3191514232969923
2015-02-20,1.707794345166679
2015-02-21,0.029440001735013394
2015-02-22,13.68734403956308
2015-02-23,1.1882669873401106
2015-02-24,0.041364931799745666
2015-02-25,0.4474643809698635
2015-02-26,0.33437236199492415
2015-02-27,48.50455690111252
2015-02-28,0.0011279691400817985
2015-03-01,4.714387444688545
2015-03-02,31.775634188802385
2015-03-03,4.108235647369413
2015-03-04,10.508889026975684
2015-03-05,0.9722778235034891
2015-03-06,1.9503378080250908
2015-03-07,1.3254900918770616
2015-03-08,0.6894303020567882
2015-03-09,27.80360667230771
2015-03-10,0.36364964979810493
2015-03-11,2.0537823024934045
2015-03-12,0.6777118071869098
2015-03-13,10.555098027082142
2015-03-14,1.8355281610398007
2015-03-15,2.0994158905524536
2015-03-16,1.737697653909189
2015-03-17,3.6254022208395185
2015-03-18,119.4456938145339
2015-03-19,2.730206437888532
2015-03-20,0.031153325399515208
2015-03-21,0.6375504224548236
2015-03-22,8.227430007579944
2015-03-23,0.3528061987355766
2015-03-24,70.50448999206223
2015-03-25,0.011487146054915359
2015-03-26,0.6501385297812232
2015-03-27,0.5538728919459875
2015-03-28,4.712620324074469
2015-03-29,17.713603863759552
2015-03-30,3.3341066078741814
2015-03-31,2.1922438666566353
2015-04-01,1.2158800758305464
2015-04-02,4.6413887562338
2015-04-03,0.14558074645702895
2015-04-04,0.14722331480035103
2015-04-05,6.483064719807252
2015-04-06,4.4792649069936745
2015-04-07,1.0955549097419586
2015-04-08,11.647943657457017
2015-04-09,0.4740311976352505
2015-04-10,10.942211249934664
2015-04-11,0.004287179672076226
2015-04-12,0.09391746252532752
2015-04-13,26.618525649516787
2015-04-14,6.678160313745091
2015-04-15,3.8912677999110956
2015-04-16,3.8333688098807297
2015-04-17,7.0700444414212
2015-04-18,0.005594939646139006
2015-04-19,0.22723215369397162
2015-04-20,0.5904281470770784
2015-04-21,20.174713073243996
2015-04-22,0.36397220339571196
2015-04-23,0.695249915453308
2015-04-24,5.563341993285328
2015-04-25,5.1503993780647574
2015-04-26,10.62913965665302
2015-04-27,18.11391161245351
2015-04-28,2.707131001537121
2015-04-29,0.025107567926641462
2015-04-30,18.82218009736255
2015-05-01,3.5136238626152103
2015-05-02,1.1736099453872633
2015-05-03,4.6076723776485045
2015-05-04,0.48539511046090483
2015-05-05,1.8416988443841527
2015-05-06,8.173767501933064
2015-05-07,9.58582093078203
2015-05-08,6.636682302690145
2015-05-09,0.948632359741059
2015-05-10,0.6003436484826077
2015-05-11,0.4022701162758746
2015-05-12,0.3255046530455327
2015-05-13,4.4986411484149045
2015-05-14,0.0091414327093829
2015-05-15,0.02168731252604916
2015-05-16,0.5634219019052952
2015-05-17,0.018714996766307963
2015-05-18,2.8944565793392103
2015-05-19,0.41669483705400073
2015-05-20,0.5644072621240283
2015-05-21,0.18265026912423918
2015-05-22,3.866423945289533
2015-05-23,0.5679905043738338
2015-05-24,0.5325580261914558
2015-05-25,3.0464786903122527
2015-05-26,0.01825577903960371
2015-05-27,0.0045205432633316
2015-05-28,0.007221117348321326
2015-05-29,0.07244371265654659
2015-05-30,3.001027057323896
2015-05-31,2.246825580607074
2015-06-01,11.183433268187912
2015-06-02,1.310252319035578
2015-06-03,0.011279497664005022
2015-06-04,0.6826497488907559
2015-06-05,0.02013956853773428
2015-06-06,0.025099840169979223
2015-06-07,1.8458479145412436
2015-06-08,5.510122564901056
2015-06-09,0.0113873343317396
2015-06-10,0.059863045452115425
2015-06-11,0.06543931272570466
2015-06-12,0.0002934139116908095
2015-06-13,0.8264897544381554
2015-06-14,0.12398718572751036
2015-06-15,1.5801438435842496
2015-06-16,31.747695666821247
2015-06-17,0.6112388946244319
2015-06-18,0.06191145776077204
2015-06-19,3.689737490694562
2015-06-20,0.012055406592393719
2015-06-21,0.43045456352655753
2015-06-22,1.2172158333850285
2015-06-23,1.5236633444434182
2015-06-24,2.88137084309081
2015-06-25,0.6520625274738953
2015-06-26,0.035816584187526306
2015-06-27,8.14178237542828
2015-06-28,0.8635001714241305
2015-06-29,9.272971740684646
2015-06-30,4.720291383400276
2015-07-01,3.400511762508802
2015-07-02,1.9215976694738637
2015-07-03,0.04993931299793163
2015-07-04,2.6302254206581734
2015-07-05,16.017791883184255
2015-07-06,1.4485755706953718
2015-07-07,1.4220845360628673
2015-07-08,2.4569080408213972
2015-07-09,0.5102243627569755
2015-07-10,30.450754761937542
2015-07-11,7.328571907798473
2015-07-12,32.97488439407596
2015-07-13,40.708157562824795
2015-07-14,2.9644229571517133
2015-07-15,0.5013011967258713
2015-07-16,8.311128087089031
2015-07-17,0.12848330824323145
2015-07-18,3.1924570142832485
2015-07-19,0.3683351817264763
2015-07-20,3.257592009754935
2015-07-21,1.6191101807064097
2015-07-22,0.13297007639594516
2015-07-23,0.3154594555972573
2015-07-24,17.61521862252823
2015-07-25,5.759155684645344e-05
2015-07-26,1.5243072785569625
2015-07-27,0.033240776475933695
2015-07-28,0.018350985932541326
2015-07-29,3.2189434819933105
2015-07-30,0.6158895819236588
2015-07-31,1.466709822307233
2015-08-01,1.4751418315382716
2015-08-02,0.0490359030530556
2015-08-03,0.39644041259700585
2015-08-04,1.6167602816119342
2015-08-05,1.7270380095522726
2015-08-06,1.734606350544907
2015-08-07,0.04997070881757863
2015-08-08,49.24363850431761
2015-08-09,2.0043864131540077
2015-08-10,0.13628028758657923
2015-08-11,4.30407271239437
2015-08-12,2.6627960412710956
2015-08-13,1.0066639399052377
2015-08-14,0.21753668632921752
2015-08-15,2.903515773971116
2015-08-16,1.7116423601950714
2015-08-17,0.11782399701268631
2015-08-18,408.08279400866775
2015-08-19,48.927403845754384
2015-08-20,13.061257170931608
2015-08-21,1.7591426512746955
2015-08-22,1.1642116003285543
2015-08-23,1.2239753966829114
2015-08-24,67.24190826932572
2015-08-25,25.076290036896484
2015-08-26,3.061077511224938
2015-08-27,0.37089782465656584
2015-08-28,7.662314501081892
2015-08-29,0.7030181071794426
2015-08-30,0.3388353712256582
2015-08-31,0.18220341056617906
2015-09-01,0.9649107149238384
2015-09-02,0.1375494075860201
2015-09-03,1.1197810430015387
2015-09-04,1.498630461192629
2015-09-05,3.5780671534681
2015-09-06,3.5831609357438006
2015-09-07,0.018150246262694587
2015-09-08,2.0103265460747615
2015-09-09,5.739079055229148
2015-09-10,6.374952455422467e-05
2015-09-11,0.29542642311932077
2015-09-12,4.796774796121699
2015-09-13,4.679893326036718
2015-09-14,0.0064631814854097585
2015-09-15,0.0813182212096805
2015-09-16,0.44319504256641484
2015-09-17,0.03087472517772032
2015-09-18,1.5133620110619876
2015-09-19,0.6018638871353668
2015-09-20,0.0671320982010123
2015-09-21,3.7585834857844356
2015-09-22,1.9773391972697334
2015-09-23,0.0800928251461507
2015-09-24,2.8540180617782243
2015-09-25,0.015434912609955385
2015-09-26,0.2305415121673641
2015-09-27,0.6649520869287247
2015-09-28,6.597743711666584
2015-09-29,1.3678150103999345
2015-09-30,0.16232909724403943
2015-10-01,0.2412255124693328
2015-10-02,0.060254028717856505
2015-10-03,0.21725824801474536
2015-10-04,0.11231143040436661
2015-10-05,0.5623062005569562
2015-10-06,4.830201198453418
2015-10-07,1.9684668030647252
2015-10-08,0.1695075425988226
2015-10-09,0.28258024856405956
2015-10-10,0.07592859633247379
2015-10-11,0.5179660570243316
2015-10-12,0.7144694095411578
2015-10-13,2.4335915239453234
2015-10-14,0.7255697648428143
2015-10-15,0.6133217234190029
2015-10-16,10.040018571476526
2015-10-17,7.704724168369219
2015-10-18,12.379848498579562
2015-10-19,0.29777375939345074
2015-10-20,4.511551056536157
2015-10-21,1.7660315807177551
2015-10-22,7.462347306351263
2015-10-23,0.5787938760709463
2015-10-24,2.926339009753351
2015-10-25,0.3353624551987271
2015-10-26,0.18644855863864046
2015-10-27,7.806857493838197
2015-10-28,12.126929109452794
2015-10-29,8.120294572686436
2015-10-30,18.27718362208342
2015-10-31,19.815275736448697
2015-11-01,11.459962013388449
2015-11-02,105.83156034530121
2015-11-03,119.23103145265841
2015-11-04,3.4651455078259428
2015-11-05,41.711512562722724
2015-11-06,10.63985560101471
2015-11-07,9.118681745536028
2015-11-08,12.886055242967954
2015-11-09,2.858236754054864
2015-11-10,150.49902702024312
2015-11-11,65.38194818031698
2015-11-12,67.33199008478084
2015-11-13,0.304953107864898
2015-11-14,1.6553243554878394
2015-11-15,16.31921701189708
2015-11-16,9.703133468786971
2015-11-17,1.3616075789127287
2015-11-18,0.08303683332833045
2015-11-19,7.25118743791018
2015-11-20,1.9911596546537988
2015-11-21,1.888042075475382
2015-11-22,0.7598325312347299
2015-11-23,0.35739305850924824
2015-11-24,1.1462748800069082
2015-11-25,5.664545905935316
2015-11-26,49.77947944096112
2015-11-27,1.8772839696295076
2015-11-28,0.10395678741191776
2015-11-29,13.55367468031438
2015-11-30,2.1684546122683046
2015-12-01,17.20703535615984
2015-12-02,1.1076808071421251
2015-12-03,0.14331823388695264
2015-12-04,0.20476543524916602
2015-12-05,45.111285004200646
2015-12-06,0.03252079996011881
2015-12-07,2.5103499531515614
2015-12-08,23.055300074308633
2015-12-09,0.11729076409427995
2015-12-10,0.4070123706615756
2015-12-11,68.45322719160423
2015-12-12,15.667545535318276
2015-12-13,0.1794128991056355
2015-12-14,5.007795358813938
2015-12-15,20.355154679048997
2015-12-16,5.736800230119703
2015-12-17,0.012884325147114266
2015-12-18,2.254902769542857
2015-12-19,0.1740098753660872
2015-12-20,20.052105866295157
2015-12-21,1.1147373025134557
2015-12-22,0.37208891128809035
2015-12-23,1.4130061202032278
2015-12-24,7.11356984487953
2015-12-25,8.233563904615866e-05
2015-12-26,79.86097746838773
2015-12-27,1.400475417242882
2015-12-28,0.07096170078875713
2015-12-29,5.595981449001008
2015-12-30,2.618320219412443
2015-12-31,0.6135285970816322
2016-01-01,0.5379511418866523
2016-01-02,0.11844270511318528
2016-01-03,0.8675821601307933
2016-01-04,0.33185520941556174
2016-01-05,0.15930746045189767
2016-01-06,0.6412376744512089
2016-01-07,40.8268493459641
2016-01-08,1.42818609254578
2016-01-09,1.918679965127244
2016-01-10,0.0027860216822689935
2016-01-11,0.0016113261195696603
2016-01-12,9.116532829930255
2016-01-13,0.8142167172489807
2016-01-14,0.3799326997734712
2016-01-15,281.6027505158566
2016-01-16,36.44484713381791
2016-01-17,2.2446485065855493
2016-01-18,1.272208300839138
2016-01-19,3.869832164839345
2016-01-20,97.73799868736782
2016-01-21,6.44280069442876
2016-01-22,51.071953995082794
2016-01-23,1.347557935160088
2016-01-24,14.28505406258089
2016-01-25,8.808074371983716
2016-01-26,0.0008235239248889874
2016-01-27,0.3348126366907355
2016-01-28,15.413298646460989
2016-01-29,0.12403378768444209
2016-01-30,0.21104160044245357
2016-01-31,7.1716896681617985
2016-02-01,1.037771723052663
2016-02-02,0.05512937552214663
2016-02-03,1.8128452313548533
2016-02-04,25.364875782288166
2016-02-05,0.8506222279557683
2016-02-06,7.649987572514036
2016-02-07,0.012459209213459155
2016-02-08,0.9676793022418659
2016-02-09,0.3040140209827952
2016-02-10,1.811346547442611
2016-02-11,0.4379056125630077
2016-02-12,1.1428669454205562
2016-02-13,3.312746001556476
2016-02-14,13.761976207830275
2016-02-15,3.5448075314220886
2016-02-16,2.7916182563129572
2016-02-17,4.02846930341838
2016-02-18,1.7039043658798954
2016-02-19,0.26452333841921205
2016-02-20,13.5497322939226
2016-02-21,0.055428975510106254
2016-02-22,0.1422979422817076
2016-02-23,16.821694701039277
2016-02-24,0.7398199665039855
2016-02-25,0.05494395329514676
2016-02-26,2.684780624217874
2016-02-27,0.002783005591534769
2016-02-28,0.00806949223075347
2016-02-29,0.6805295049413175
2016-03-01,0.5291954767134208
2016-03-02,7.451591528603829
2016-03-03,0.47693025917337134
2016-03-04,7.349312927739604
2016-03-05,7.253677778188571
2016-03-06,2.6516214061205114
2016-03-07,2.1655652188997307
2016-03-08,0.04924841197251429
2016-03-09,0.005872869750966801
2016-03-10,0.16669592603788508
2016-03-11,0.9012982554532621
2016-03-12,6.521173571832913
2016-03-13,0.20577547338778443
2016-03-14,0.1881963773184078
2016-03-15,0.0018971269988085572
2016-03-16,0.00887919893928471
2016-03-17,0.5246392281213701
2016-03-18,7.870551508371792
2016-03-19,0.006543977254227871
2016-03-20,0.44330187178753566
2016-03-21,0.06050508902701811
2016-03-22,1.0256014114722842
2016-03-23,0.022238402446064436
2016-03-24,0.28344452878184284
2016-03-25,0.002522144448039444
2016-03-26,0.0021421680729199672
2016-03-27,3.805328941425988
2016-03-28,0.537565507539971
2016-03-29,3.892596292168664
2016-03-30,0.298794926177805
2016-03-31,0.10398293245853683
2016-04-01,0.024747818384187225
2016-04-02,0.3101318321507413
2016-04-03,0.01697189713693835
2016-04-04,8.888543437289494e-05
2016-04-05,0.22475793701003874
2016-04-06,0.08023542017768415
2016-04-07,0.08733974998846551
2016-04-08,0.4984730694011754
2016-04-09,0.13034804597090419
2016-04-10,0.1401597800123268
2016-04-11,0.006419050774220729
2016-04-12,0.25105012727368153
2016-04-13,0.23103816462815432
2016-04-14,7.05458790481683e-05
2016-04-15,1.2865876172091404
2016-04-16,0.0038506093613330174
2016-04-17,0.7696542297595308
2016-04-18,0.01984407267974212
2016-04-19,2.1421091469060958
2016-04-20,1.448338074660759
2016-04-21,2.7775358424304994
2016-04-22,0.9247322285441705
2016-04-23,0.7688766248084928
2016-04-24,2.8323924105499936
2016-04-25,0.23668501290367414
2016-04-26,0.7531578449366854
2016-04-27,23.408488585762335
2016-04-28,0.6889391191537594
2016-04-29,1.4608986226721428
2016-04-30,2.684417791269525
2016-05-01,0.425935856154912
2016-05-02,3.045661414602452
2016-05-03,1.2580423776634773
2016-05-04,0.8766323921035593
2016-05-05,0.020358030105983884
2016-05-06,5.879144634527642
2016-05-07,0.1369493989227776
2016-05-08,0.018232410808796052
2016-05-09,0.08034548323281364
2016-05-10,5.025622510607731
2016-05-11,0.07185587373727348
2016-05-12,0.09703567723417197
2016-05-13,0.0037146732345001696
2016-05-14,0.018886643219986433
2016-05-15,0.07717432441947733
2016-05-16,0.7824765585707717
2016-05-17,0.04899560025455882
2016-05-18,0.0021544651868238766
2016-05-19,13.679729261027832
2016-05-20,0.5793786661737892
2016-05-21,0.00048625129159399704
2016-05-22,1.0272960895100682
2016-05-23,0.914369444685452
2016-05-24,0.07432681487225117
2016-05-25,0.4493449814078739
2016-05-26,0.4909738005931198
2016-05-27,17.606393391896766
2016-05-28,124.32282666683675
2016-05-29,0.7369944733436974
2016-05-30,1.695384935575774
2016-05-31,0.3634786082880601
2016-06-01,0.807119697387435
2016-06-02,0.0033753810530480857
2016-06-03,30.2922061224115
2016-06-04,0.2314998999175807
2016-06-05,0.06474209021683779
2016-06-06,2.8301000051366563
2016-06-07,2.8097225936310997
2016-06-08,0.5388064373635837
2016-06-09,1.8253079012684352
2016-06-10,0.1262841676910924
2016-06-11,23.084227160399816
2016-06-12,103.97671251059191
2016-06-13,19.812753379462446
2016-06-14,8.096361882919734
2016-06-15,1.33090644657375
2016-06-16,94.2068431223469
2016-06-17,5.925869928989973
2016-06-18,0.6968369261140387
2016-06-19,0.7332658668423744
2016-06-20,13.515199972717179
2016-06-21,104.04572161509066
2016-06-22,128.16332298837426
2016-06-23,19.626438675211244
2016-06-24,39.371431264184054
2016-06-25,0.02693031485371841
2016-06-26,32.07391299824712
2016-06-27,15.18196630079521
2016-06-28,1.9834942869812302
2016-06-29,1.5445330416029504
2016-06-30,24.57499265693643
2016-07-01,0.09051313560415163
2016-07-02,14.705459596557487
2016-07-03,45.586661803030935
2016-07-04,12.869188809906307
2016-07-05,4.2547057369554215
2016-07-06,0.7345379607765717
2016-07-07,32.70760315892435
2016-07-08,14.708988185212627
2016-07-09,6.251431515115674
2016-07-10,0.14725793962096398
2016-07-11,0.15994815395779952
2016-07-12,5.939414920812267
2016-07-13,2.777346937655849
2016-07-14,0.17010024385735184
2016-07-15,0.41726938947769804
2016-07-16,0.2636456767110195
2016-07-17,7.03263472312885
2016-07-18,1.16002646348538
2016-07-19,0.030137948371844876
2016-07-20,1.4648496343760664
2016-07-21,0.057020205785354945
2016-07-22,5.409022644623521
2016-07-23,0.3823073532713481
2016-07-24,0.5365071062244333
2016-07-25,1.514294115471303
2016-07-26,0.24195103855489578
2016-07-27,0.0653198007211714
2016-07-28,0.001110348655626546
2016-07-29,0.0258177487964462
2016-07-30,0.18846835329573372
2016-07-31,23.85565032195127
2016-08-01,9.78996059379129
2016-08-02,106.92911142577462
2016-08-03,10.592449702701298
2016-08-04,3.793247303867724
2016-08-05,0.4907428154033445
2016-08-06,4.214007940920569
2016-08-07,0.48243019568616974
2016-08-08,0.1714390380488821
2016-08-09,0.47545749411249116
2016-08-10,0.34995790501136
2016-08-11,0.41308805169883406
2016-08-12,0.1623781710195625
2016-08-13,0.2243575757225702
2016-08-14,7.577380214110513
2016-08-15,0.4984124545550807
2016-08-16,2.7040337901555427
2016-08-17,0.7598031683058721
2016-08-18,0.0029614603273343818
2016-08-19,0.008198102040770858
2016-08-20,0.8295928721107872
2016-08-21,0.041838747164996054
2016-08-22,0.6315152743919042
2016-08-23,0.5014949766077574
2016-08-24,0.480706705070702
2016-08-25,0.3089163624509525
2016-08-26,0.035702303460035105
2016-08-27,3.3339904957479294
2016-08-28,0.3087147647836627
2016-08-29,0.010747501535571666
2016-08-30,0.20443152071945192
2016-08-31,0.2400513716343355
2016-09-01,0.4758852186016652
2016-09-02,0.1813509578179122
2016-09-03,13.88698009092621
2016-09-04,2.5266569865187263
2016-09-05,0.22470747530942298
2016-09-06,0.24441450311678323
2016-09-07,0.28416321658991633
2016-09-08,3.0969076086434297
2016-09-09,0.4772068152880854
2016-09-10,0.0011336131898527356
2016-09-11,8.221892858402848
2016-09-12,0.012820356431267306
2016-09-13,0.0006921844265458966
2016-09-14,0.009786730017273228
2016-09-15,0.5143677905068456
2016-09-16,0.028097968624066345
2016-09-17,0.09043121993409324
2016-09-18,0.2522439454112779
2016-09-19,0.0594346967842466
2016-09-20,0.08291094651352957
2016-09-21,3.959191045913179
2016-09-22,0.07854418221526606
2016-09-23,0.9097684154643354
2016-09-24,0.030151655841750044
2016-09-25,0.19063582332238166
2016-09-26,1.115952586598337
2016-09-27,0.199646359220875
2016-09-28,0.14073874741763948
2016-09-29,0.0004752417754863273
2016-09-30,0.27822848217177176
2016-10-01,0.3098426400252061
2016-10-02,0.4125996768392602
2016-10-03,0.00426292401212134
2016-10-04,0.2054544251673024
2016-10-05,0.0574635336571722
2016-10-06,0.0029606915184819805
2016-10-07,0.27978305608952775
2016-10-08,0.033789311549577865
2016-10-09,0.2692670379092838
2016-10-10,0.050722175358285236
2016-10-11,11.336533502242343
2016-10-12,0.813208597551358
2016-10-13,0.0019642128517285257
2016-10-14,0.1804989082446863
2016-10-15,0.1668508738087477
2016-10-16,0.10801799111962562
2016-10-17,0.26867020201682223
2016-10-18,0.10937853523478692
2016-10-19,1.717972011906232
2016-10-20,0.007091876034287566
2016-10-21,0.030381674521318073
2016-10-22,13.363644418132635
2016-10-23,0.029439405176623475
2016-10-24,0.41302019673859636
2016-10-25,0.1989485060890495
2016-10-26,8.785618548494503
2016-10-27,1.7613644299398938
2016-10-28,0.003198860068365237
2016-10-29,11.554225685926008
2016-10-30,3.6827024907361063
2016-10-31,0.07012861617929217
2016-11-01,15.145034229033108
2016-11-02,1.8584229368701206
2016-11-03,55.26502721881551
2016-11-04,3.8059665330257553
2016-11-05,0.012458459561438796
2016-11-06,1.0157650876069113
2016-11-07,1.7528533694116624
2016-11-08,0.6611758394036464
2016-11-09,3.013499557892637
2016-11-10,1.4723580262228515
2016-11-11,0.00022953058602436717
2016-11-12,3.012325101434682
2016-11-13,0.32186077712136046
2016-11-14,0.08257480099953977
2016-11-15,0.6302244749127843
2016-11-16,18.825197552155558
2016-11-17,0.3264961280245894
2016-11-18,1.6482290558183976
2016-11-19,0.017826972579708514
2016-11-20,8.498970630752321
2016-11-21,0.9619639295267703
2016-11-22,2.207515880768773
2016-11-23,1.0826215127107637
2016-11-24,0.5147880281105118
2016-11-25,0.0021066741115223367
2016-11-26,0.9726653205378907
2016-11-27,0.35262903584999383
2016-11-28,0.14222508478728324
2016-11-29,0.02757222535449393
2016-11-30,1.4988887920107419
2016-12-01,1.789424555182892
2016-12-02,6.871438451187145
2016-12-03,1.0285010846327922
2016-12-04,0.04582332281809838
2016-12-05,4.484428293917355
2016-12-06,0.34551474452047193
2016-12-07,0.13870034805984488
2016-12-08,0.04426221338394313
2016-12-09,0.014260904963453483
2016-12-10,0.010452790165717934
2016-12-11,0.6001057538526428
2016-12-12,1.4370886880480582
2016-12-13,0.006011287500698812
2016-12-14,0.0003690031815162167
2016-12-15,0.3280592641668044
2016-12-16,0.5400989429997777
2016-12-17,0.37700697977832803
2016-12-18,0.03078350037384523
2016-12-19,0.019110675452299063
2016-12-20,0.7862691767723231
2016-12-21,15.592826991571847
2016-12-22,11.731197046281764
2016-12-23,39.63193679810453
2016-12-24,7.192731542336138
2016-12-25,0.18635248332090473
2016-12-26,1.2754788858051151
2016-12-27,6.983445823328652
2016-12-28,18.825043704619116
2016-12-29,0.149253869065214
2016-12-30,1.9737919290039603
2016-12-31,0.01503565745665959
2017-01-01,11.477063530424125
2017-01-02,4.75973008395539
2017-01-03,4.005167599833755
2017-01-04,99.16956178061383
2017-01-05,174.11245942698693
2017-01-06,138.263900641328
2017-01-07,0.3220241933838504
2017-01-08,0.022391781883956484
2017-01-09,1.1247990650423592
2017-01-10,0.15858851213979594
2017-01-11,242.90182249703093
2017-01-12,10.788226031398535
2017-01-13,4.901205932496876
2017-01-14,0.6661320180180897
2017-01-15,0.0757514940438203
2017-01-16,1.0818419156094485
2017-01-17,74.87002684903561
2017-01-18,6.31934553934324
2017-01-19,1.5809535303907927
2017-01-20,0.34667261468129223
2017-01-21,7.888879632446957
2017-01-22,0.03053247324957047
2017-01-23,0.2855268759967184
2017-01-24,10.636399122624097
2017-01-25,0.7215081004304139
2017-01-26,2.6449346399807645
2017-01-27,0.009587486283230971
2017-01-28,0.0038706361654134614
2017-01-29,0.1333151891048285
2017-01-30,0.001707929799772003
2017-01-31,26.570120552650693
2017-02-01,3.1080642178959863
2017-02-02,4.576246072252331
2017-02-03,2.6778416759679744
2017-02-04,1.2448834708664769
2017-02-05,2.6925013836950815
2017-02-06,0.8264577708908745
2017-02-07,4.29522443323728
2017-02-08,0.0005895589563766229
2017-02-09,46.47171681475172
2017-02-10,0.5089691109697126
2017-02-11,2.0892755249582273
2017-02-12,0.44034842572661853
2017-02-13,0.9918480433645781
2017-02-14,1.5788601056886746
2017-02-15,0.02359438156627057
2017-02-16,3.3275744377968435
2017-02-17,2.7980686440098266
2017-02-18,0.41478642020826634
2017-02-19,0.5787856953284406
2017-02-20,8.298171295412201
2017-02-21,9.489194667027002
2017-02-22,0.0029203386811325386
2017-02-23,17.45537953383732
2017-02-24,0.2089732932565854
2017-02-25,7.360148940167009
2017-02-26,2.9327525168010316
2017-02-27,1.2588515575872636
2017-02-28,0.018945594740438637
2017-03-01,11.582126078295973
2017-03-02,4.698862821328577
2017-03-03,3.1013551979125578
2017-03-04,2.910316906119115
2017-03-05,0.6585433090482689
2017-03-06,0.09732518274739814
2017-03-07,16.704251461093712
2017-03-08,40.14846449507518
2017-03-09,9.951004789422196
2017-03-10,40.53133492053167
2017-03-11,25.20243100047078
2017-03-12,13.418079784104517
2017-03-13,0.5207300292070183
2017-03-14,0.2663577682716405
2017-03-15,0.4024229267030269
2017-03-16,27.1405532153702
2017-03-17,60.79090686153001
2017-03-18,152.34105645528567
2017-03-19,37.497978883802844
2017-03-20,2.357154988614817
2017-03-21,35.549847372781386
2017-03-22,45.1804199510291
2017-03-23,1.3186465754166576
2017-03-24,107.6563712969498
2017-03-25,12.632603152423771
2017-03-26,0.580537353865785
2017-03-27,59.62662582767335
2017-03-28,3.3285307931310886e-05
2017-03-29,0.6817479543275318
2017-03-30,2.0971250403666324
2017-03-31,17.528406496320407
2017-04-01,0.4512188563998833
2017-04-02,3.415354127109093
2017-04-03,12.750193305200352
2017-04-04,1.1345798027407823
2017-04-05,0.7882871738373106
2017-04-06,23.833121492915005
2017-04-07,0.39383675180074745
2017-04-08,0.047699589833342326
2017-04-09,0.7584778208439059
2017-04-10,0.03998318838594962
2017-04-11,1.842211781282831
2017-04-12,0.27399626005795347
2017-04-13,7.627577179394517
2017-04-14,0.08211807351952653
2017-04-15,0.08293598067675968
2017-04-16,0.5581718984610873
2017-04-17,0.6169188578915017
2017-04-18,1.7927913244738631
2017-04-19,0.0633029121669292
2017-04-20,1.9682472989229565
2017-04-21,0.505876542371147
2017-04-22,0.4221321418359658
2017-04-23,4.608735788443918
2017-04-24,11.272976783685145
2017-04-25,1.170593649025345
2017-04-26,1.181050918049399
2017-04-27,7.198852060031459
2017-04-28,0.05407862803367147
2017-04-29,0.07017121300092377
2017-04-30,3.3040622070284313
2017-05-01,26.900957581971
2017-05-02,4.14002348515659
2017-05-03,5.737754121825897
2017-05-04,9.03326132456599
2017-05-05,1.024168125576599
2017-05-06,1.8289328321848768
2017-05-07,0.9808351313436859
2017-05-08,56.17261020837779
2017-05-09,2.899346988122478
2017-05-10,2.7425341171190483
2017-05-11,10.51375716167061
2017-05-12,50.4134082177585
2017-05-13,19.66740667692702
2017-05-14,0.0070106269888138995
2017-05-15,16.907281512697917
2017-05-16,0.13458155067818398
2017-05-17,32.72309445501718
2017-05-18,6.357965076838146
2017-05-19,24.74512460271136
2017-05-20,21.418114123187653
2017-05-21,5.052571024895414
2017-05-22,37.67312952501164
2017-05-23,41.061212423767444
2017-05-24,25.36541250170223
2017-05-25,35.7521789500469
2017-05-26,21.988316026894694
2017-05-27,61.68126322676675
2017-05-28,29.58244537320093
2017-05-29,19.25643701765595
2017-05-30,14.101680452777595
2017-05-31,23.38855359142407
2017-06-01,25.38885064595714
2017-06-02,9.971168781279342
2017-06-03,0.8714850883891131
2017-06-04,0.07755086241433633
2017-06-05,43.5264467930427
2017-06-06,38.69934216472036
2017-06-07,23.255368551057433
2017-06-08,6.3280860023784955
2017-06-09,0.2586777747916585
2017-06-10,17.276572736993906
2017-06-11,0.04603482498515388
2017-06-12,116.07917482309348
2017-06-13,3.988926625814159
2017-06-14,67.36566734076975
2017-06-15,3.308953334726211
2017-06-16,4.116623345516552
2017-06-17,26.741560640322557
2017-06-18,18.25842166410302
2017-06-19,2.1622143937748346
2017-06-20,23.43516010563336
2017-06-21,1.8116069668523644
2017-06-22,0.21812711439340865
2017-06-23,1.7209205268212882
2017-06-24,27.316320167646346
2017-06-25,0.7754707553232102
2017-06-26,20.40609097637428
2017-06-27,7.864596564095588
2017-06-28,0.5384476896249907
2017-06-29,2.3250354615367166
2017-06-30,6.088821565520665
2017-07-01,4.085137596836576
2017-07-02,7.693407541605687
2017-07-03,4.554022375307445
2017-07-04,1.73543251380954
2017-07-05,0.015422434784530639
2017-07-06,0.013119510024349305
2017-07-07,13.284434521621755
2017-07-08,3.7340881517342397
2017-07-09,4.912424087913601
2017-07-10,37.26675561037373
2017-07-11,2.604976717869118
2017-07-12,5.954985256974142
2017-07-13,3.456030767190871
2017-07-14,30.96868942630274
2017-07-15,126.10769249465362
2017-07-16,13.342023118610529
2017-07-17,203.02018192031224
2017-07-18,14.760612646103661
2017-07-19,4.482119066819122
2017-07-20,454.6250794633618
2017-07-21,31.385486013878616
2017-07-22,25.615367007947583
2017-07-23,9.093587573967621
2017-07-24,0.5688403856922225
2017-07-25,46.67482328332225
2017-07-26,3.919877369847486
2017-07-27,28.4799713864487
2017-07-28,23.72737524383866
2017-07-29,9.739494237783623
2017-07-30,0.9666005815307253
2017-07-31,16.472343741444423
2017-08-01,33.126258359806585
2017-08-02,0.17410551600754318
2017-08-03,10.715823680644476
2017-08-04,9.368957366030893
2017-08-05,131.97660259035788
2017-08-06,1.803327422419776
2017-08-07,23.705235780734082
2017-08-08,1.1415910552188027
2017-08-09,5.899736908413622
2017-08-10,1.0338555697333145
2017-08-11,56.650119436355396
2017-08-12,36.93581984769083
2017-08-13,21.177400002608668
2017-08-14,34.36547868332598
2017-08-15,12.282008164012526
2017-08-16,19.47426944975855
2017-08-17,1.3683554140049832
2017-08-18,17.36393296193068
2017-08-19,0.428093567663392
2017-08-20,7.283099366446906
2017-08-21,5.116564181794487
2017-08-22,5.293729247172751
2017-08-23,1.206550063115555
2017-08-24,17.46977787963687
2017-08-25,0.5047870719325678
2017-08-26,0.3338681491072376
2017-08-27,0.3138454607104046
2017-08-28,0.020350852741710564
2017-08-29,18.022312347990347
2017-08-30,0.19160310122567334
2017-08-31,8.07863398292327
2017-09-01,14.39688680644145
2017-09-02,45.62899374663991
2017-09-03,0.002132299514275901
2017-09-04,64.04621296662707
2017-09-05,9.726335070303827
2017-09-06,22.846002521928387
2017-09-07,0.006026187240982579
2017-09-08,73.10280708815584
2017-09-09,0.04051123539800366
2017-09-10,6.801702524533122
2017-09-11,0.6205349324457701
2017-09-12,0.7609461909221575
2017-09-13,40.129030272818056
2017-09-14,436.4183248356894
2017-09-15,198.67768965468048
2017-09-16,0.23167208097023959
2017-09-17,1.70951700215155
2017-09-18,156.04903148596148
2017-09-19,13.308385405856699
2017-09-20,0.3886414433352473
2017-09-21,55.291611880673656
2017-09-22,0.02161181219549711
2017-09-23,17.805998592059055
2017-09-24,9.419528724001886
2017-09-25,39.16043060967119
2017-09-26,1.000451952293123
2017-09-27,56.03192334180177
2017-09-28,0.5731651111891721
2017-09-29,0.17417018861050068
2017-09-30,15.9583385825711
2017-10-01,1.8227006758426467
2017-10-02,0.00012148532731206977
2017-10-03,5.028796595020363
2017-10-04,4.838977106615902
2017-10-05,4.740733752814984
2017-10-06,0.7008410380177991
2017-10-07,1.293348206268879
2017-10-08,15.412064285405402
2017-10-09,10.930495995625794
2017-10-10,0.005050908823144526
2017-10-11,0.6216002016779396
2017-10-12,142.93315450483874
2017-10-13,12.066367221122423
2017-10-14,9.477748148119321
2017-10-15,7.878077312740796
2017-10-16,0.4811689092016767
2017-10-17,5.09495311433156
2017-10-18,0.16190378656784743
2017-10-19,3.7949632243198788
2017-10-20,25.330875022981324
2017-10-21,0.03880447816853863
2017-10-22,0.2732106764296508
2017-10-23,2.090942308028387
2017-10-24,51.659457788775846
2017-10-25,14.732125412602578
2017-10-26,6.277681445799908
2017-10-27,5.102060103083272
2017-10-28,0.3842410949826054
2017-10-29,43.513038478352975
2017-10-30,0.2676175879523357
2017-10-31,27.322748422059426
2017-11-01,19.183066586391362
2017-11-02,18.993833558407907
2017-11-03,2.795497080279258
2017-11-04,4.9427379002157386
2017-11-05,0.05464147838722917
2017-11-06,29.92202882444052
2017-11-07,2.494288771112421
2017-11-08,17.48193447360746
2017-11-09,19.95964483657377
2017-11-10,60.4912294481915
2017-11-11,17.25559248605486
2017-11-12,45.73064659062392
2017-11-13,92.4165119431743
2017-11-14,1.036807929206999
2017-11-15,92.45347430186078
2017-11-16,51.68960543719398
2017-11-17,4.955962312582107
2017-11-18,0.8274561998726625
2017-11-19,8.854146129346367
2017-11-20,3.5506909915211873
2017-11-21,2.9856426344265174
2017-11-22,4.39211872858045
2017-11-23,7.697144594751151
2017-11-24,6.253953785373381
2017-11-25,38.047316220570536
2017-11-26,33.87024676845475
2017-11-27,24.58441385986517
2017-11-28,5.206784588654004
2017-11-29,3.400578865147795
2017-11-30,10.834848312973577
2017-12-01,47.08948080950674
2017-12-02,0.5780775413916781
2017-12-03,4.33603283927612
2017-12-04,7.669502171089414
2017-12-05,4.260233243962218
2017-12-06,325.25304043501217
2017-12-07,500.60717210147527
2017-12-08,61.783836483960066
2017-12-09,79.34154955362294
2017-12-10,2.796203146256689
2017-12-11,81.27726300147299
2017-12-12,7.017015155320089
2017-12-13,37.14922297200076
2017-12-14,0.6519066208642283
2017-12-15,42.70141606432326
2017-12-16,90.15558942632454
2017-12-17,3.9344111379652253
2017-12-18,0.07657283899663056
2017-12-19,54.64068281024354
2017-12-20,46.76028787432517
2017-12-21,27.10914212434013
2017-12-22,181.17065041553096
2017-12-23,35.33871966363119
2017-12-24,30.720739590862667
2017-12-25,0.3405712548497673
2017-12-26,186.25400622221284
2017-12-27,3.1469278597463117
2017-12-28,67.82095633129059
2017-12-29,0.0408202569506826
2017-12-30,156.18556779671593
2017-12-31,76.60580690902245
2018-01-01,13.895305059077973
2018-01-02,83.19780308791577
2018-01-03,1.723616104855167
2018-01-04,5.993682394769149
2018-01-05,120.05168441854921
2018-01-06,0.17656351611956866
2018-01-07,39.837708324988334
2018-01-08,70.64726857565822
2018-01-09,15.997081877799571
2018-01-10,5.849497611050342
2018-01-11,125.34503612867422
2018-01-12,16.489091089788868
2018-01-13,6.458433558825625
2018-01-14,18.661872271351527
2018-01-15,0.04361234422478617
2018-01-16,345.8043551566598
2018-01-17,7.84093473059237
2018-01-18,5.707453591251876
2018-01-19,1.020979713893051
2018-01-20,108.46393419247988
2018-01-21,115.62282389688407
2018-01-22,36.9064724831919
2018-01-23,0.5121285007442679
2018-01-24,18.32667612810537
2018-01-25,1.0442161186449306
2018-01-26,0.8506048395191735
2018-01-27,5.037234435559159
2018-01-28,8.056630090191687
2018-01-29,19.210801165400692
2018-01-30,127.01646811591687
2018-01-31,0.9838200718142485
2018-02-01,120.6360121448677
2018-02-02,15.313649005739148
2018-02-03,13.583811710900186
2018-02-04,108.92526604582095
2018-02-05,307.506194116644
2018-02-06,115.20321552192252
2018-02-07,3.473875699017588
2018-02-08,63.64486525048541
2018-02-09,29.25416624926881
2018-02-10,2.1419939688801857
2018-02-11,36.14978751496989
2018-02-12,84.82146163341352
2018-02-13,15.087837136972977
2018-02-14,95.61771470558844
2018-02-15,44.8704518733735
2018-02-16,0.274695869067938
2018-02-17,65.62038278860615
2018-02-18,28.26900345561626
2018-02-19,36.599195543828124
2018-02-20,2.071097853363691
2018-02-21,43.51794468881853
2018-02-22,45.74850475049203
2018-02-23,7.722423999521533
2018-02-24,24.91195292436407
2018-02-25,2.7583919944582127
2018-02-26,47.25065228735924
2018-02-27,10.665564677927609
2018-02-28,10.501423943921768
2018-03-01,25.452475087109416
2018-03-02,1.190708897601479
2018-03-03,11.802936299738912
2018-03-04,0.0037776388044237844
2018-03-05,0.15071634155273805
2018-03-06,52.40863552179251
2018-03-07,63.87777300993131
2018-03-08,36.401844664874005
2018-03-09,0.5641839596779281
2018-03-10,28.298759036169717
2018-03-11,57.660326419769014
2018-03-12,16.934154598933784
2018-03-13,0.062140093217903675
2018-03-14,115.365751302562
2018-03-15,0.05622845840583444
2018-03-16,0.09795097230520451
2018-03-17,28.34983614993659
2018-03-18,13.427941293768937
2018-03-19,22.02019138530522
2018-03-20,9.527895238269224
2018-03-21,0.0015664191965654665
2018-03-22,5.81878588688619
2018-03-23,2.49396141889899
2018-03-24,6.493968126750535
2018-03-25,4.604787792314235
2018-03-26,12.72073900335553
2018-03-27,23.334335789590604
2018-03-28,1.9622881473111944
2018-03-29,111.94896637792806
2018-03-30,16.431392587829965
2018-03-31,1.1232895081731504
2018-04-01,4.0368819411119174
2018-04-02,10.908534508101996
2018-04-03,24.84715719529624
2018-04-04,73.27563007167322
2018-04-05,0.5741848934559448
2018-04-06,7.522321511464929
2018-04-07,15.36118579250277
2018-04-08,2.1787957941002833
2018-04-09,14.464362750316237
2018-04-10,0.6457705531069208
2018-04-11,3.2315044067402243
2018-04-12,150.6768668302378
2018-04-13,0.002769621806691251
2018-04-14,0.9984863411282364
2018-04-15,16.53246158552535
2018-04-16,11.822979055810745
2018-04-17,4.409029476472678
2018-04-18,9.709142907271215
2018-04-19,2.1112283294093284
2018-04-20,39.69006886687878
2018-04-21,0.1790925356376021
2018-04-22,1.416037998040796
2018-04-23,1.7180046747231275
2018-04-24,65.5723715220222
2018-04-25,87.0648300462897
2018-04-26,21.819904055345432
2018-04-27,11.300370212357803
2018-04-28,14.48012002345946
2018-04-29,0.3778787375144226
2018-04-30,4.207614660607863
2018-05-01,2.1364489817992727
2018-05-02,1.2910802888195558
2018-05-03,27.207415368111008
2018-05-04,0.3375145573666726
2018-05-05,2.1661731897905816
2018-05-06,4.937200921410733
2018-05-07,9.608358993456267
2018-05-08,2.6339768923739375
2018-05-09,0.699004445610521
2018-05-10,10.239806134238053
2018-05-11,49.43852799042644
2018-05-12,0.3728274519461811
2018-05-13,5.785631246031205
2018-05-14,0.04824149243902976
2018-05-15,6.421614241761804
2018-05-16,3.293830075862013
2018-05-17,12.060318780882517
2018-05-18,3.1654624937227136
2018-05-19,0.03370456061074822
2018-05-20,9.22704869685611
2018-05-21,1.5650777852038475
2018-05-22,22.293413424151872
2018-05-23,40.251524822043706
2018-05-24,0.06359741139500266
2018-05-25,2.435457241873584
2018-05-26,3.2862362902081084
2018-05-27,0.000898674944312401
2018-05-28,11.156661953707996
2018-05-29,19.993580366790834
2018-05-30,1.0521368702829665
2018-05-31,1.0791570742832526
2018-06-01,0.24134549011898593
2018-06-02,1.4539947311598445
2018-06-03,0.7432542520432399
2018-06-04,8.061427564837524
2018-06-05,2.0659839791242
2018-06-06,0.01609997165703667
2018-06-07,0.03197599675396801
2018-06-08,0.6963893053307667
2018-06-09,1.8605771595305058
2018-06-10,111.66099521546137
2018-06-11,2.6512794175320162
2018-06-12,24.50933481647337
2018-06-13,13.935814223870077
2018-06-14,23.625600200512437
2018-06-15,12.039723025772147
2018-06-16,1.6934578866238397
2018-06-17,0.8420016431312067
2018-06-18,11.713342973498992
2018-06-19,0.14628546412046192
2018-06-20,0.0016044151203939668
2018-06-21,0.6902251986416041
2018-06-22,104.6561011497117
2018-06-23,1.3205343772838471
2018-06-24,0.0013430601655273315
2018-06-25,1.1775840994951732
2018-06-26,7.062943315882954
2018-06-27,0.8070859463112993
2018-06-28,18.880718632894244
2018-06-29,25.588294966400927
2018-06-30,7.867934719671903
2018-07-01,0.17802875591969805
2018-07-02,11.397069515084706
2018-07-03,2.0300993478538323
2018-07-04,0.806005007892034
2018-07-05,0.24085413827007512
2018-07-06,0.14330557919452064
2018-07-07,6.624938267994425
2018-07-08,1.8393471096630238
2018-07-09,0.37588143036393945
2018-07-10,41.47823310107676
2018-07-11,0.7748016674620182
2018-07-12,7.651971547535139
2018-07-13,0.0001120624084984208
2018-07-14,0.22164714216512904
2018-07-15,1.402658791397353
2018-07-16,32.45730355787731
2018-07-17,65.70145591028452
2018-07-18,0.2910253155348387
2018-07-19,1.3397156223609556
2018-07-20,2.7519260307840168
2018-07-21,0.5542648118279005
2018-07-22,0.022029579550398942
2018-07-23,13.920461259752928
2018-07-24,75.82614940473285
2018-07-25,9.382655364374545
2018-07-26,8.920883818583725
2018-07-27,6.305538636065597
2018-07-28,0.0377165114318976
2018-07-29,0.03348835942570069
2018-07-30,0.3610138239954386
2018-07-31,26.537305077448725
2018-08-01,4.652120406452273
2018-08-02,0.8064887887877302
2018-08-03,3.639081574815227
2018-08-04,32.377166959797684
2018-08-05,0.13520242000679702
2018-08-06,3.247672653343271
2018-08-07,9.224816527836124
2018-08-08,48.87583410961534
2018-08-09,15.522136749454397
2018-08-10,37.872584962368286
2018-08-11,2.6945491542861593
2018-08-12,0.08390804558454279
2018-08-13,0.2870124647660337
2018-08-14,2.9028445835576244
2018-08-15,2.5670971890378897
2018-08-16,0.07670992374753349
2018-08-17,13.47392707279491
2018-08-18,6.504192310807997
2018-08-19,1.2894853259827856
2018-08-20,10.37441482852211
2018-08-21,7.178290210796304
2018-08-22,3.5327303424886303
2018-08-23,5.347772844101425
2018-08-24,7.0499808519614975
2018-08-25,0.25361671464478
2018-08-26,0.9371414527158598
2018-08-27,6.113724166949196
2018-08-28,8.35289750797875
2018-08-29,0.6926203918026197
2018-08-30,1.2557109157462545
2018-08-31,0.5030557117838722
2018-09-01,4.203436551327358
2018-09-02,0.9236892110586233
2018-09-03,0.09726414776811415
2018-09-04,1.5677395607423625
2018-09-05,66.90298736248042
2018-09-06,16.78071255358165
2018-09-07,1.1953329099298429
2018-09-08,15.49893976060234
2018-09-09,1.1191151305732556
2018-09-10,0.10178219744819897
2018-09-11,0.07399531824469288
2018-09-12,0.11921013882532276
2018-09-13,5.927806249634748
2018-09-14,0.04336834738268612
2018-09-15,0.10852386603129795
2018-09-16,0.2874040946941633
2018-09-17,14.636093625506511
2018-09-18,1.6553379240003152
2018-09-19,0.08351612937792838
2018-09-20,3.0197659418998173
2018-09-21,9.678467701393876
2018-09-22,0.10917035944674995
2018-09-23,0.09402577338438373
2018-09-24,3.495132163697822
2018-09-25,5.864959622938609
2018-09-26,0.374971622477734
2018-09-27,6.876070303221281
2018-09-28,0.39363474224392664
2018-09-29,0.5996336723486186
2018-09-30,0.048044551805938925
2018-10-01,0.4645286559751443
2018-10-02,0.41941200373882587
2018-10-03,0.9161981069969914
2018-10-04,0.9909416721052237
2018-10-05,0.3093494163953529
2018-10-06,0.42895607359556703
2018-10-07,0.00711058958708376
2018-10-08,0.36713364673386145
2018-10-09,0.07947146783885786
2018-10-10,1.0022292614580888
2018-10-11,27.743197918871157
2018-10-12,0.02404763044494766
2018-10-13,0.0019394501718798713
2018-10-14,0.003491312988674395
2018-10-15,21.215147225220846
2018-10-16,0.020783386799614625
2018-10-17,0.8541747583433467
2018-10-18,1.3872372606009524
2018-10-19,0.09750858958247675
2018-10-20,0.05266215999417509
2018-10-21,0.059098702438221476
2018-10-22,0.004028202946359786
2018-10-23,0.09849364615830035
2018-10-24,0.029673336150013035
2018-10-25,0.19276985162183052
2018-10-26,0.026058183845955405
2018-10-27,0.002573474451026867
2018-10-28,0.0020196561444487783
2018-10-29,6.4348334173772574
2018-10-30,0.012487297820265954
2018-10-31,0.16080556492437628
2018-11-01,0.6565310429510742
2018-11-02,0.0008621696077004982
2018-11-03,0.3181065850030485
2018-11-04,0.009186221693550432
2018-11-05,0.29457097391885534
2018-11-06,0.25441985795444816
2018-11-07,0.8586538100671456
2018-11-08,1.7287230874273902
2018-11-09,1.4362982936493487
2018-11-10,0.05348010075052335
2018-11-11,0.01116530095537457
2018-11-12,0.5829303289540135
2018-11-13,0.10413738733651036
2018-11-14,108.47831308201533
2018-11-15,2.972653843574136
2018-11-16,2.042690265920396
2018-11-17,0.269313701554213
2018-11-18,1.2115664655081975
2018-11-19,210.0699558926646
2018-11-20,83.63480057483252
2018-11-21,10.129722824444327
2018-11-22,29.236559906625615
2018-11-23,0.3247526132258774
2018-11-24,131.92048156193906
2018-11-25,9.844727949819195
2018-11-26,36.8041078588908
2018-11-27,0.9155916787964432
2018-11-28,114.16498484267046
2018-11-29,0.1327692343381484
2018-11-30,41.5479872597099
2018-12-01,21.709173209419156
2018-12-02,3.717904953860332
2018-12-03,39.1528271850591
2018-12-04,2.135216927166313
2018-12-05,29.176397541061004
2018-12-06,42.80175278326569
2018-12-07,9.319697246412728
2018-12-08,2.2250445367161227
2018-12-09,14.128873815557945
2018-12-10,10.715758045695146
2018-12-11,5.720112959501528
2018-12-12,2.778836588249764
2018-12-13,27.40039998977495
2018-12-14,5.333782962649648
2018-12-15,0.09878690806042491
2018-12-16,0.12804926959241236
2018-12-17,72.04180935450476
2018-12-18,16.087033893344884
2018-12-19,1.4476589152939372
2018-12-20,94.67360318347272
2018-12-21,36.7705562626321
2018-12-22,8.047085145310646
2018-12-23,0.26737065182213215
2018-12-24,3.3627351667807988
2018-12-25,46.32261675244253
2018-12-26,0.9065173284109354
2018-12-27,30.572859357165598
2018-12-28,48.5305284653605
2018-12-29,7.901636069844792
2018-12-30,1.097108625597548
2018-12-31,11.408969386016562
2019-01-01,6.352816898698814
2019-01-02,5.8954931756820015
2019-01-03,8.293681041121427
2019-01-04,0.1661297418433412
2019-01-05,0.21417617824737217
2019-01-06,32.57060127899189
2019-01-07,1.9771539182800324
2019-01-08,1.8837003684542643e-06
2019-01-09,0.000747628383088688
2019-01-10,88.05140934234993
2019-01-11,0.00837847562429157
2019-01-12,0.7174284651658022
2019-01-13,9.86956370447402
2019-01-14,16.655925403112935
2019-01-15,4.807053332576127
2019-01-16,0.28120445374321185
2019-01-17,0.25482865401950294
2019-01-18,0.4936813276810329
2019-01-19,3.159605465310728
2019-01-20,13.093825032362947
2019-01-21,0.6952014080404042
2019-01-22,0.43218798465014235
2019-01-23,0.46078326233278405
2019-01-24,0.09030031798806815
2019-01-25,0.028286202425899538
2019-01-26,0.003945935842714313
2019-01-27,0.42556597322327366
2019-01-28,11.26407382415847
2019-01-29,0.6134894344568788
2019-01-30,0.9220518307310094
2019-01-31,0.9126051257223853
2019-02-01,0.5337694280005976
2019-02-02,0.6517410645663948
2019-02-03,3.136748527062398
2019-02-04,0.07729686008115946
2019-02-05,0.0049535210651931805
2019-02-06,2.776930195005729
2019-02-07,0.31058476964484616
2019-02-08,55.23091715880783
2019-02-09,0.000291825362483248
2019-02-10,0.14299514998564372
2019-02-11,1.627353884173286
2019-02-12,3.952358288609591e-06
2019-02-13,0.528089058136737
2019-02-14,0.30994868900607964
2019-02-15,0.0008437116620033899
2019-02-16,0.012094002895966826
2019-02-17,1.1418704282287335
2019-02-18,38.91882218266081
2019-02-19,0.43632962212012694
2019-02-20,1.4145142037734908
2019-02-21,1.6559366622612928
2019-02-22,1.3319517454464025
2019-02-23,10.403503762443647
2019-02-24,72.14973171739055
2019-02-25,3.031783419881269
2019-02-26,0.7572183236700115
2019-02-27,0.049983953252283796
2019-02-28,0.0016503588110273891
2019-03-01,0.00017537501897034715
2019-03-02,0.0001573669156621188
2019-03-03,0.34192513892545456
2019-03-04,5.703854643684221
2019-03-05,11.449562418208796
2019-03-06,0.0031799312195047833
2019-03-07,0.0030640105330505237
2019-03-08,0.16214350624646792
2019-03-09,2.084379625331722
2019-03-10,0.18804194618587308
2019-03-11,1.7373784806159653
2019-03-12,0.0013753701067768537
2019-03-13,0.04002142278602029
2019-03-14,0.09807717075637762
2019-03-15,0.6228434362045228
2019-03-16,4.223727404446825
2019-03-17,0.5179460822268359
2019-03-18,0.0018499693995553327
2019-03-19,0.6675883998708986
2019-03-20,0.06843073922689408
2019-03-21,2.4664174075436915
2019-03-22,0.07329068269769906
2019-03-23,0.024527229489441655
2019-03-24,0.227186543156677
2019-03-25,2.617414597385071
2019-03-26,0.1732260067310433
2019-03-27,5.708932344911995
2019-03-28,0.33410875207068835
2019-03-29,0.33528683847748714
2019-03-30,0.004137314414969254
2019-03-31,0.0283009002594937
2019-04-01,1.2990456682432425
2019-04-02,251.74756691474812
2019-04-03,3.073381697433363
2019-04-04,1.328692350794083
2019-04-05,4.619790286556786
2019-04-06,0.10282274990382916
2019-04-07,6.625301058979968
2019-04-08,2.5446766157916394
2019-04-09,3.0763955933517035
2019-04-10,4.554115180572285
2019-04-11,26.47303700226496
2019-04-12,0.1265817703189008
2019-04-13,5.312050372292851e-07
2019-04-14,1.5586492856657743
2019-04-15,4.426023103345072
2019-04-16,9.813796491036182
2019-04-17,0.030519751307354598
2019-04-18,0.5518436735387204
2019-04-19,0.0012441535850752966
2019-04-20,0.2527481172079588
2019-04-21,0.33193193897294226
2019-04-22,2.090960358671881
2019-04-23,9.09700925313743
2019-04-24,4.349634155121018
2019-04-25,24.046607516574632
2019-04-26,1.38001017895444
2019-04-27,0.12061993606323228
2019-04-28,0.032996564662861085
2019-04-29,0.7313172624811215
2019-04-30,3.2877873118295313
2019-05-01,0.6871638658590921
2019-05-02,3.0392865795420962
2019-05-03,20.51262543552923
2019-05-04,0.8959012548832324
2019-05-05,0.5588960433807222
2019-05-06,0.9701738859544567
2019-05-07,1.6668452306864223
2019-05-08,6.014032950910463
2019-05-09,9.135326920682036
2019-05-10,9.7211066429642
2019-05-11,144.91197579326752
2019-05-12,11.672144334224889
2019-05-13,127.01794844383114
2019-05-14,4.550874023248216
2019-05-15,6.073497019912058
2019-05-16,16.96609804633649
2019-05-17,52.501193374745775
2019-05-18,1.2821970064946395
2019-05-19,140.5492511951771
2019-05-20,8.123797373487248
2019-05-21,0.10601322323174565
2019-05-22,14.133985757117735
2019-05-23,6.030758594387193
2019-05-24,1.4215997034308492
2019-05-25,0.45560979599957613
2019-05-26,53.10786907304723
2019-05-27,1.9022113367200804
2019-05-28,1.247620422348952
2019-05-29,0.6948526325881305
2019-05-30,17.166999477469975
2019-05-31,8.304546438439914
2019-06-01,0.06760160247719672
2019-06-02,3.725995551971428
2019-06-03,41.46650169541063
2019-06-04,41.44515079267133
2019-06-05,1.8550558673086737
2019-06-06,0.027511896192241106
2019-06-07,7.0759719274424455
2019-06-08,1.5890622863389345
2019-06-09,12.529301787648178
2019-06-10,14.772955820730868
2019-06-11,1.1013249416363942
2019-06-12,6.640057856346818
2019-06-13,0.812219743602407
2019-06-14,28.450739878837062
2019-06-15,2.2839314566194115
2019-06-16,2.6025788998094326
2019-06-17,11.704641973787655
2019-06-18,7.4575858661093495
2019-06-19,3.8097004293437595
2019-06-20,6.557218439733855
2019-06-21,37.71698647564139
2019-06-22,27.1317060784603
2019-06-23,1.6593960880741971
2019-06-24,1.6557683738838913
2019-06-25,44.95564801414516
2019-06-26,95.04540462135574
2019-06-27,234.6904625358599
2019-06-28,105.13156213638491
2019-06-29,14.553353421351549
2019-06-30,103.54745077752709
2019-07-01,5.404732656694097
2019-07-02,3.634118346069671
2019-07-03,101.1955384226281
2019-07-04,43.242649533073404
2019-07-05,5.167638175400737
2019-07-06,3.750168569818279
2019-07-07,4.004118456775988
2019-07-08,47.6332997087506
2019-07-09,4.74493133816372
2019-07-10,12.339523297938738
2019-07-11,47.97064810991852
2019-07-12,14.513298942596649
2019-07-13,14.352886283540089
2019-07-14,113.32120180954189
2019-07-15,34.889307414224675
2019-07-16,198.11445168543096
2019-07-17,4.483742251683076
2019-07-18,88.81766250201409
2019-07-19,2.0121114819633346
2019-07-20,4.336623556763271
2019-07-21,2.9260473126039646
2019-07-22,6.669711148904072
2019-07-23,20.326028140573627
2019-07-24,1.0795532020230314
2019-07-25,0.7665337242355059
2019-07-26,0.3109165685459087
2019-07-27,17.6129057410602
2019-07-28,0.42573946735130885
2019-07-29,0.241274068638678
2019-07-30,0.6169470790052253
2019-07-31,22.27735044627187
2019-08-01,8.57676255916962
2019-08-02,0.9908791270475491
2019-08-03,7.33039786516604
2019-08-04,1.500340101381555
2019-08-05,51.870219286858905
2019-08-06,8.707257835169134
2019-08-07,14.619666668011932
2019-08-08,0.00446110552119861
2019-08-09,1.012195853883305
2019-08-10,20.45132104736275
2019-08-11,1.8081126490362562
2019-08-12,1.872634903020869
2019-08-13,20.325285872370486
2019-08-14,67.26362118774489
2019-08-15,5.830107716070896
2019-08-16,0.22040039327320604
2019-08-17,2.315483318511325
2019-08-18,0.9428743156205543
2019-08-19,27.32825505667181
2019-08-20,2.3947663460180277
2019-08-21,37.47484094011172
2019-08-22,0.04270662796173861
2019-08-23,6.548178496031
2019-08-24,6.499030402411501
2019-08-25,0.12174763388379224
2019-08-26,4.527490923282917
2019-08-27,3.766476870880263
2019-08-28,19.910124278562794
2019-08-29,7.146164279127394
2019-08-30,0.613323421238276
2019-08-31,0.04011596397076544
2019-09-01,1.381999611120388
2019-09-02,32.73282735803329
2019-09-03,6.261189178660451
2019-09-04,0.16928073041287195
2019-09-05,0.10033933754838631
2019-09-06,5.1139304828273655
2019-09-07,2.0549873333049042
2019-09-08,0.7442216408177732
2019-09-09,1.3478109347237053
2019-09-10,5.195778763646431
2019-09-11,0.22779032395099855
2019-09-12,4.467966142288632
2019-09-13,0.3782846858247606
2019-09-14,0.026165344339248768
2019-09-15,0.05639644040191068
2019-09-16,0.6812208059127554
2019-09-17,0.23414882368665713
2019-09-18,0.31207420300614414
2019-09-19,0.2793668390119592
2019-09-20,0.9347150328277036
2019-09-21,3.030333859181053
2019-09-22,0.13457374571159428
2019-09-23,12.839093233603002
2019-09-24,149.74436355790814
2019-09-25,2.8874319881767843
2019-09-26,20.89237801784637
2019-09-27,2.2074359306992326
2019-09-28,0.043906841838270864
2019-09-29,3.5020251213059947
2019-09-30,4.7347035625131095
2019-10-01,0.20821814755495732
2019-10-02,0.2089046978609067
2019-10-03,3.0122436959412835
2019-10-04,0.6307307763202699
2019-10-05,0.6452308531144503
2019-10-06,4.6736103155482605
2019-10-07,9.208903362859326
2019-10-08,0.11701838130043275
2019-10-09,17.852462231398675
2019-10-10,0.06027306211403537
2019-10-11,10.68712656837098
2019-10-12,0.0016025647395472976
2019-10-13,0.10519818933418448
2019-10-14,0.2554365301823074
2019-10-15,4.752994592177359
2019-10-16,4.326533918191852
2019-10-17,0.314221881657152
2019-10-18,3.1104154858321724
2019-10-19,0.002995326601189452
2019-10-20,7.527326523711033
2019-10-21,0.0156841382945576
2019-10-22,4.691015096469367
2019-10-23,54.29999848397572
2019-10-24,0.17634205687323978
2019-10-25,205.59161837893694
2019-10-26,40.8422018250282
2019-10-27,9.774605835228908
2019-10-28,10.764374680078076
2019-10-29,2.8853717155670684
2019-10-30,6.351168972595927
2019-10-31,0.041771296234217346
2019-11-01,0.27968413005492804
2019-11-02,0.2990943986102034
2019-11-03,1.2113491566379724
2019-11-04,3.1099660670139966
2019-11-05,0.7832507154483596
2019-11-06,0.0034345634295517564
2019-11-07,1.2985573317456731
2019-11-08,27.657621397005492
2019-11-09,0.001510849866408174
2019-11-10,6.607390763564025
2019-11-11,12.116162288260416
2019-11-12,0.27145384448855386
2019-11-13,0.04911236925664218
2019-11-14,1.6418916902273932
2019-11-15,7.025588934793705
2019-11-16,0.30472617464942553
2019-11-17,0.032445206777690194
2019-11-18,11.022844457965546
2019-11-19,1.9228827571676612
2019-11-20,5.482857121450103
2019-11-21,25.465343624745028
2019-11-22,22.780092057122467
2019-11-23,1.5376954756503602
2019-11-24,24.82685602792352
2019-11-25,1.5532488882484943
2019-11-26,0.753668020767456
2019-11-27,16.900482530653353
2019-11-28,1.1068508392818839
2019-11-29,14.28422730778043
2019-11-30,6.956322999549668
2019-12-01,4.3111098412001905
2019-12-02,2.3262066973174704
2019-12-03,0.026508343046159174
2019-12-04,1.1501624114146327
2019-12-05,6.415246947896118
2019-12-06,1.389194448948715
2019-12-07,0.0002331438701474772
2019-12-08,0.0009245304291333053
2019-12-09,5.3920014941103815
2019-12-10,3.278065638712153
2019-12-11,0.9507056910413241
2019-12-12,0.04748222661490485
2019-12-13,0.05209572631873324
2019-12-14,4.633422479534033
2019-12-15,0.062193002752677744
2019-12-16,10.62302207431514
2019-12-17,19.717658210778445
2019-12-18,81.22625508580775
2019-12-19,1.3437515402052378
2019-12-20,0.0070324279518151145
2019-12-21,0.2719752723437349
2019-12-22,17.823821832172627
2019-12-23,4.998644651646526
2019-12-24,0.3464523797675268
2019-12-25,0.6189609830410715
2019-12-26,0.4048986561239176
2019-12-27,0.32044098256600745
2019-12-28,0.059713417579947976
2019-12-29,1.6446409940571651
2019-12-30,3.6094806757016786
2019-12-31,2.2798356965048567
2020-01-01,0.002141961428318917
2020-01-02,10.016818662718691
2020-01-03,23.809828621511798
2020-01-04,0.5683018614933814
2020-01-05,0.016571053528249276
2020-01-06,20.962696370276735
2020-01-07,23.18466735822531
2020-01-08,1.368456179412928
2020-01-09,7.044396018282568
2020-01-10,11.87532062109548
2020-01-11,2.9931490923246566
2020-01-12,3.139696613514532
2020-01-13,0.5313672804667702
2020-01-14,62.75820505472361
2020-01-15,0.13914233793403966
2020-01-16,1.1818247412655094
2020-01-17,4.786866477135993
2020-01-18,0.0002709260089038759
2020-01-19,7.944242417707176
2020-01-20,0.4864451202806869
2020-01-21,0.7683395448318837
2020-01-22,0.7811698345672246
2020-01-23,11.217005130073419
2020-01-24,0.1051382592571742
2020-01-25,1.124816394248826
2020-01-26,6.564053126714167
2020-01-27,11.822591127172073
2020-01-28,22.81421354091464
2020-01-29,0.3445794072452066
2020-01-30,3.6330673706677152
2020-01-31,3.305661659077574
2020-02-01,0.09872429044453974
2020-02-02,0.42959375598729943
2020-02-03,0.4668169047025219
2020-02-04,1.83924687412977
2020-02-05,19.937937827301024
2020-02-06,1.135642855518592
2020-02-07,0.2914278106261001
2020-02-08,0.32040461821061433
2020-02-09,5.665966264872003
2020-02-10,7.5179804282930345
2020-02-11,11.340741056286896
2020-02-12,1.0198929535967531
2020-02-13,1.5006721913998775
2020-02-14,0.6636685019989829
2020-02-15,18.688312030934707
2020-02-16,0.10013734604056596
2020-02-17,6.9033113771915104
2020-02-18,19.535748058524387
2020-02-19,27.906300179536526
2020-02-20,0.1572674192966724
2020-02-21,0.44958393305810224
2020-02-22,0.14292846451683647
2020-02-23,6.405270309493133
2020-02-24,8.648552944064802
2020-02-25,11.467479774115997
2020-02-26,34.55572517251505
2020-02-27,0.2991429657242723
2020-02-28,2.019993558551799
2020-02-29,0.9649655369716033
2020-03-01,0.3242927642086611
2020-03-02,11.474688519532403
2020-03-03,1.1344795036966238
2020-03-04,0.2586916234361257
2020-03-05,12.185972309561631
2020-03-06,0.11796301266642016
2020-03-07,6.228149383739692
2020-03-08,91.54654505155612
2020-03-09,5.949073814437281
2020-03-10,0.09822677174504849
2020-03-11,0.01348946325247627
2020-03-12,2172.553675173726
2020-03-13,123.89869844790657
2020-03-14,47.48863746871255
2020-03-15,12.158682677564244
2020-03-16,54.79180638860749
2020-03-17,15.89544791611294
2020-03-18,0.0114870038980783
2020-03-19,274.6573494094215
2020-03-20,0.00023097909935853323
2020-03-21,0.12894670899119628
2020-03-22,36.54620080796876
2020-03-23,89.12645335800161
2020-03-24,22.15422850308846
2020-03-25,0.8813435462502232
2020-03-26,0.15247317681480801
2020-03-27,15.046491017730926
2020-03-28,13.830716116128915
2020-03-29,29.188781840963713
2020-03-30,65.43518677797698
2020-03-31,6.926508228193361e-07
2020-04-01,5.9542701362670725
2020-04-02,7.029034294902004
2020-04-03,1.0573420316693383
2020-04-04,3.366995214256965
2020-04-05,1.578362755737673
2020-04-06,44.90016519818531
2020-04-07,2.125126352164373
2020-04-08,4.1445615015405135
2020-04-09,0.3306742170270909
2020-04-10,39.72664442874449
2020-04-11,0.05338611667761209
2020-04-12,2.1968173455010813
2020-04-13,3.851144591308424
2020-04-14,0.030897934484957975
2020-04-15,9.66548743628329
2020-04-16,45.76885483566336
2020-04-17,0.18300865355130144
2020-04-18,4.462433183919222
2020-04-19,1.1714637572091164
2020-04-20,20.325961436983235
2020-04-21,0.026052310757086715
2020-04-22,10.545205701776599
2020-04-23,17.30303520710064
2020-04-24,2.190889765935212
2020-04-25,0.013025880734694458
2020-04-26,1.7007305677922455
2020-04-27,1.8444155302113305
2020-04-28,8.506862766555649e-05
2020-04-29,140.33950650044315
2020-04-30,3.1323365140448347
2020-05-01,4.910868947636083
2020-05-02,1.5614245113251608
2020-05-03,1.337802713885611
2020-05-04,0.0010813696568473048
2020-05-05,0.7598847774498405
2020-05-06,7.677164323447478
2020-05-07,48.57941802258247
2020-05-08,1.5314005937768906
2020-05-09,7.277006638623517
2020-05-10,85.96104584002005
2020-05-11,3.684014436731461
2020-05-12,4.801781011922866
2020-05-13,25.14538751964075
2020-05-14,22.503523035131945
2020-05-15,19.29930240318387
2020-05-16,0.14769674428997714
2020-05-17,8.683031869990907
2020-05-18,0.191902266943776
2020-05-19,0.012616894532531679
2020-05-20,5.190871358557558
2020-05-21,23.830224656045782
2020-05-22,0.9337887795010703
2020-05-23,0.02335129227315638
2020-05-24,22.975032769346225
2020-05-25,1.3917188303145611
2020-05-26,0.8986080587951725
2020-05-27,13.715572454819412
2020-05-28,12.59134470231018
2020-05-29,1.1050232981959078
2020-05-30,6.723109539921713
2020-05-31,6.948876926862554
2020-06-01,49.86179729704486
2020-06-02,43.72635282589773
2020-06-03,1.4049989155459128
2020-06-04,1.8001882495725474
2020-06-05,2.3279146635993824
2020-06-06,0.06778483708551071
2020-06-07,0.894771908124119
2020-06-08,6.784754278789918e-05
2020-06-09,0.0120608209850049
2020-06-10,0.3830974973222401
2020-06-11,34.26012480084416
2020-06-12,2.415896305442026
2020-06-13,0.038562111506005185
2020-06-14,1.1576197254909832
2020-06-15,0.2926195849447318
2020-06-16,0.611666237454952
2020-06-17,0.5552645033340309
2020-06-18,0.7428843574303338
2020-06-19,2.1373697832103105
2020-06-20,0.11452830611836971
2020-06-21,0.198708321533763
2020-06-22,12.28079787198911
2020-06-23,0.11247511777468673
2020-06-24,12.073785577441273
2020-06-25,0.4395042232532256
2020-06-26,1.5464101263877783
2020-06-27,2.040843306231677
2020-06-28,0.8874546409723226
2020-06-29,0.14290417782018108
2020-06-30,0.5104456052623271
2020-07-01,0.7157760195129055
2020-07-02,1.6410519246596142
2020-07-03,0.2853527682397073
2020-07-04,0.12841642759221603
2020-07-05,0.6096166195465735
2020-07-06,9.805624675833567
2020-07-07,2.1327404132950485
2020-07-08,3.0531114846234746
2020-07-09,3.0461428415399414
2020-07-10,0.016535744138214098
2020-07-11,0.3058172500657157
2020-07-12,0.06393242029092795
2020-07-13,0.2428309302677281
2020-07-14,0.020156795227540644
2020-07-15,0.46806009808345395
2020-07-16,0.6386198548718086
2020-07-17,0.005183813273186373
2020-07-18,0.0029280874044105643
2020-07-19,0.023805460265138866
2020-07-20,0.1390630267203872
2020-07-21,4.558285824110483
2020-07-22,2.116162987731471
2020-07-23,0.19847231838315557
2020-07-24,0.3597883961272133
2020-07-25,1.7475531920758833
2020-07-26,4.803315411166773
2020-07-27,105.33375868576731
2020-07-28,0.7230259645729075
2020-07-29,2.4562027272738294
2020-07-30,0.0016713583630405717
2020-07-31,3.0786188437410305
2020-08-01,13.260961970513582
2020-08-02,40.05407283683251
2020-08-03,2.531161161564057
2020-08-04,0.24802162710426698
2020-08-05,20.961387550215562
2020-08-06,0.01981659711255639
2020-08-07,2.7650142588204445
2020-08-08,1.3663365494769408
2020-08-09,0.6497684809825917
2020-08-10,2.498856217857688
2020-08-11,17.253674649396466
2020-08-12,1.9024328439548104
2020-08-13,2.4562487344511044
2020-08-14,0.07143812811829606
2020-08-15,0.46475637630602074
2020-08-16,0.008196042871745763
2020-08-17,8.165495095050613
2020-08-18,5.329562268634982
2020-08-19,4.407613448532251
2020-08-20,0.7717442878538748
2020-08-21,6.624597145796706
2020-08-22,0.39694930610390017
2020-08-23,0.08013521497487457
2020-08-24,0.638086018885409
2020-08-25,13.456009922479328
2020-08-26,0.8686062528915687
2020-08-27,2.509026743042223
2020-08-28,3.1642321207617843
2020-08-29,0.19967235059294522
2020-08-30,2.64111292372141
2020-08-31,0.15999905328027256
2020-09-01,5.344815892493277
2020-09-02,23.98673880699972
2020-09-03,119.68652713292424
2020-09-04,5.907101265730604
2020-09-05,11.886274738046234
2020-09-06,0.8946052777564781
2020-09-07,0.5276625412764325
2020-09-08,6.051765098797242
2020-09-09,0.9031472057348758
2020-09-10,1.0707830880123967
2020-09-11,0.051175727024397266
2020-09-12,0.0666819336710561
2020-09-13,1.6336156757816795
2020-09-14,10.645355471487028
2020-09-15,0.8903962027085239
2020-09-16,2.2413390862774603
2020-09-17,0.13991503372505573
2020-09-18,0.031640116420273624
2020-09-19,1.4919013604527445
2020-09-20,2.4162574449887213
2020-09-21,21.04033121271267
2020-09-22,0.3458045217031216
2020-09-23,8.703832734011042
2020-09-24,22.619256786430395
2020-09-25,0.5860392059708218
2020-09-26,0.1627154646311084
2020-09-27,0.008174930370634381
2020-09-28,0.560200922131163
2020-09-29,1.2430362004842814
2020-09-30,0.48140467667763936
2020-10-01,2.8217634420581614
2020-10-02,0.30019170913695814
2020-10-03,0.15202564950131253
2020-10-04,0.9916750267639253
2020-10-05,1.0314126993598296
2020-10-06,3.623728761669549
2020-10-07,0.22027839069406238
2020-10-08,4.616032773031556
2020-10-09,1.4788417982158062
2020-10-10,3.7505155383033135
2020-10-11,0.4054784482665972
2020-10-12,1.8356012149734868
2020-10-13,1.5985696711012436
2020-10-14,0.011252045088543284
2020-10-15,0.1907777645546207
2020-10-16,2.742467906973105
2020-10-17,0.03226513615727055
2020-10-18,0.9199233060907258
2020-10-19,4.368063003233804
2020-10-20,1.784467605508032
2020-10-21,51.85097961882056
2020-10-22,0.931525639620347
2020-10-23,0.16236067822376754
2020-10-24,1.483975394809209
2020-10-25,0.5269969011693297
2020-10-26,0.04000308881294699
2020-10-27,17.598972234007583
2020-10-28,8.893683481772369
2020-10-29,1.2318055311300753
2020-10-30,0.44564244297596667
2020-10-31,2.4914028038769636
2020-11-01,0.20848567568745469
2020-11-02,2.266427906476381
2020-11-03,7.67399982863839
2020-11-04,1.3653956904068485
2020-11-05,92.23562670206556
2020-11-06,0.051681669731799496
2020-11-07,24.554573173434882
2020-11-08,17.006747192796716
2020-11-09,1.1956613983183628
2020-11-10,0.16655516652301758
2020-11-11,6.3059173222776765
2020-11-12,11.964868421116163
2020-11-13,0.0136395124231299
2020-11-14,2.8207694183532315
2020-11-15,0.7065530328508848
2020-11-16,20.419073289732097
2020-11-17,27.800359130724235
2020-11-18,0.5732867078239774
2020-11-19,0.0041192002138916
2020-11-20,18.294724466467482
2020-11-21,0.0006437675067215972
2020-11-22,2.5879129983267664
2020-11-23,0.028785027092214668
2020-11-24,14.671839895422785
2020-11-25,4.501085720449593
2020-11-26,80.24878036260533
2020-11-27,0.14755003587361082
2020-11-28,11.29085218979649
2020-11-29,5.885124103358194
2020-11-30,56.68090564599015
2020-12-01,19.542553634290275
2020-12-02,3.8315651536258573
2020-12-03,1.2694272175761991
2020-12-04,16.382982783085495
2020-12-05,5.123967854098414
2020-12-06,0.7293526226506517
2020-12-07,0.8728018618016192
2020-12-08,22.84351465233249
2020-12-09,1.265312506738148
2020-12-10,2.9142143760488954
2020-12-11,1.6189474300986577
2020-12-12,15.238113531352994
2020-12-13,2.714951491086235
2020-12-14,0.16446539767554422
2020-12-15,0.5534956019749817
2020-12-16,84.04336354949619
2020-12-17,44.097564556912474
2020-12-18,1.7190489625725287
2020-12-19,8.85917969885303
2020-12-20,3.2249166467312707
2020-12-21,9.311351317521991
2020-12-22,16.565012309005674
2020-12-23,5.961345436489805
2020-12-24,3.8736060287905585
2020-12-25,13.697096184610523
2020-12-26,46.257349890426525
2020-12-27,0.5817751822767587
2020-12-28,8.457402332928583
2020-12-29,0.7782321152224932
2020-12-30,26.26434572854473
2020-12-31,0.17492237677653738
2021-01-01,1.2958459302210252
2021-01-02,77.81635903638133
2021-01-03,3.5339271691685723
2021-01-04,6.969017802439747
2021-01-05,35.88439105154331
2021-01-06,61.85098666942323
2021-01-07,42.8952878155182
2021-01-08,11.707661284433238
2021-01-09,2.18358327988206
2021-01-10,24.677959764283262
2021-01-11,59.12122936392078
2021-01-12,23.70999273241757
2021-01-13,88.29100010823214
2021-01-14,22.60544407922032
2021-01-15,40.37703819108698
2021-01-16,3.651262544137253
2021-01-17,1.4707145800977794
2021-01-18,4.747587292908149
2021-01-19,2.8190251685477317
2021-01-20,2.5458266958024796
2021-01-21,207.08522616917105
2021-01-22,44.83237371730781
2021-01-23,9.127088332344266
2021-01-24,0.30408799013078547
2021-01-25,0.010117114150390164
2021-01-26,0.23911645099380605
2021-01-27,47.956698656167404
2021-01-28,87.6916681708001
2021-01-29,5.623367634800371
2021-01-30,0.07523979257534771
2021-01-31,12.720530961704553
2021-02-01,1.2794125679704949
2021-02-02,31.126924659144958
2021-02-03,27.454946347106436
2021-02-04,2.577664504446578
2021-02-05,9.661170403246855
2021-02-06,7.621084239718321
2021-02-07,1.1348679586755452
2021-02-08,290.51202103870116
2021-02-09,0.22716561503345387
2021-02-10,12.659103131551353
2021-02-11,39.804977615026736
2021-02-12,0.971189482114768
2021-02-13,0.9639656477003117
2021-02-14,10.411883251126795
2021-02-15,3.0118442860729835
2021-02-16,5.982344024636902
2021-02-17,32.305266643456285
2021-02-18,1.0846507133701062
2021-02-19,59.14948975943844
2021-02-20,0.05754018575019446
2021-02-21,5.7483561638671565
2021-02-22,37.25866612194269
2021-02-23,112.27876457603067
2021-02-24,2.724171958693284
2021-02-25,30.63200661874801
2021-02-26,3.0689803254116925
2021-02-27,0.21594352990557536
2021-02-28,5.947212106405491
2021-03-01,87.46875187578527
2021-03-02,7.252978919795255
2021-03-03,17.883001240249595
2021-03-04,17.0424911394856
2021-03-05,0.3763810478201047
2021-03-06,0.02827297689389067
2021-03-07,19.76975566118272
2021-03-08,3.5068953788176787
2021-03-09,21.884067858691758
2021-03-10,3.9990999801396834
2021-03-11,9.118328648906722
2021-03-12,0.9203145913774935
2021-03-13,41.74973039215812
2021-03-14,11.275507610244398
2021-03-15,36.39906590952367
2021-03-16,2.117910190356013
2021-03-17,11.79768418219429
2021-03-18,3.502730055140215
2021-03-19,0.4925076708752073
2021-03-20,0.03772564638528852
2021-03-21,2.2561043689941576
2021-03-22,30.066919972728236
2021-03-23,0.060697460393258455
2021-03-24,14.385474261447841
2021-03-25,4.779410490131731
2021-03-26,39.57918403425
2021-03-27,1.8701872589482313
2021-03-28,0.03179923880241453
2021-03-29,9.167935827796672
2021-03-30,3.473817516891611
2021-03-31,0.018416404143497312
2021-04-01,0.026334892666170062
2021-04-02,0.12205666273363407
2021-04-03,10.122840179713863
2021-04-04,3.411487741062999
2021-04-05,0.137253752275382
2021-04-06,2.6051017257819864
2021-04-07,15.136224324724479
2021-04-08,14.754237985278248
2021-04-09,0.07458250724679136
2021-04-10,6.179086360272081
2021-04-11,0.3009481807676292
2021-04-12,0.430867389121214
2021-04-13,32.66204050816618
2021-04-14,0.5770480866669166
2021-04-15,0.034440721137509414
2021-04-16,8.5632620350728
2021-04-17,2.53425897863846
2021-04-18,60.60445170266757
2021-04-19,1.0333554200888575
2021-04-20,1.4330653094399322
2021-04-21,22.94043629067931
2021-04-22,17.60500090315566
2021-04-23,2.067191964270526
2021-04-24,4.838621646070729
2021-04-25,5.0666198017727275
2021-04-26,92.35839817020315
2021-04-27,2.948737778176311
2021-04-28,0.26735986967994263
2021-04-29,6.153427857063167
2021-04-30,54.81737648674689
2021-05-01,8.327618828028888e-06
2021-05-02,4.969545559630799
2021-05-03,0.7438497109462135
2021-05-04,50.936863491123034
2021-05-05,52.5924561922232
2021-05-06,3.7758410677088436
2021-05-07,2.4027067146702654
2021-05-08,5.543759593524155
2021-05-09,1.2414545666008614
2021-05-10,18.465903031392173
2021-05-11,1.8587306854931367
2021-05-12,208.3506814820308
2021-05-13,1.0133438471870557
2021-05-14,0.037008401697775174
2021-05-15,43.527181967391655
2021-05-16,0.6243665846520651
2021-05-17,43.9044252450724
2021-05-18,2.530760470301552
2021-05-19,223.45318663559388
2021-05-20,91.96538825511242
2021-05-21,81.93190936759432
2021-05-22,0.23249827210079305
2021-05-23,60.71849892709861
2021-05-24,112.03377166594375
2021-05-25,0.8565895944350786
2021-05-26,4.659180891668271
2021-05-27,5.491341266456454
2021-05-28,56.71978903529527
2021-05-29,10.33115975575918
2021-05-30,8.319483059094908
2021-05-31,19.324365200042052
2021-06-01,3.5661616509775214
2021-06-02,5.108214163541366
2021-06-03,16.95807799469667
2021-06-04,38.70932347648089
2021-06-05,14.777237469448643
2021-06-06,0.5354097499318721
2021-06-07,45.845473577629186
2021-06-08,0.16033657984091584
2021-06-09,116.85106780000619
2021-06-10,3.508568407342521
2021-06-11,2.4621213942025655
2021-06-12,25.28141251865501
2021-06-13,87.7601197072739
2021-06-14,7.226611712132608
2021-06-15,0.10771677291387848
2021-06-16,28.819140461811404
2021-06-17,0.8210517802408298
2021-06-18,39.41079966629639
2021-06-19,0.3815100264751873
2021-06-20,0.008745903230798909
2021-06-21,146.16381007134328
2021-06-22,5.981261461510598
2021-06-23,12.52469453996226
2021-06-24,6.811718884456338
2021-06-25,85.89783321873273
2021-06-26,2.5001328572146013
2021-06-27,52.375391343739224
2021-06-28,0.5790741887945265
2021-06-29,15.530449381465498
2021-06-30,6.10170669908095
2021-07-01,19.531693491914776
2021-07-02,0.6815478175505307
2021-07-03,4.46414274865964
2021-07-04,2.6658686558718587
2021-07-05,21.207117537361594
2021-07-06,1.6941053174693916
2021-07-07,1.5710758913038025
2021-07-08,9.417661416898037
2021-07-09,6.885865895665485
2021-07-10,0.9255654483753818
2021-07-11,3.946509115324978
2021-07-12,11.260961633278418
2021-07-13,2.297806194509345
2021-07-14,0.0527239603593753
2021-07-15,11.307010385736962
2021-07-16,1.6238305078492714
2021-07-17,0.04694758947526233
2021-07-18,0.4834105432121341
2021-07-19,10.659528236206256
2021-07-20,12.05130232739506
2021-07-21,53.37433722052754
2021-07-22,0.240821714510309
2021-07-23,13.784521694116822
2021-07-24,3.8305591821947007
2021-07-25,8.411270145524009
2021-07-26,28.429156242208794
2021-07-27,27.632288810295886
2021-07-28,1.8113651261488115
2021-07-29,0.011311519472513068
2021-07-30,27.873965692688547
2021-07-31,2.5309549666818127
2021-08-01,17.517969712131528
2021-08-02,4.36880203373622
2021-08-03,8.121885083892437
2021-08-04,15.655264919884305
2021-08-05,7.002336015633468
2021-08-06,20.395801090290014
2021-08-07,14.77816694200984
2021-08-08,3.4328507484417665
2021-08-09,30.898347594581328
2021-08-10,3.367434694905567
2021-08-11,0.014105586082561376
2021-08-12,7.435538323964901
2021-08-13,51.31293815720442
2021-08-14,2.577364942247522
2021-08-15,0.0594086250828915
2021-08-16,5.657137091846452
2021-08-17,9.14798074140884
2021-08-18,0.009772047593051945
2021-08-19,16.41013380804843
2021-08-20,28.325256150825705
2021-08-21,1.041447030077638
2021-08-22,0.5036805373616505
2021-08-23,0.10016697775037342
2021-08-24,15.383122802545024
2021-08-25,6.043579111791327
2021-08-26,18.903997386397272
2021-08-27,18.252547570267907
2021-08-28,0.20855611209097416
2021-08-29,0.08188266565274357
2021-08-30,14.746421711188546
2021-08-31,0.009893124783440968
2021-09-01,11.309246943157131
2021-09-02,0.7083401839465776
2021-09-03,1.6047057342807671
2021-09-04,0.08951555193660476
2021-09-05,11.695719458909378
2021-09-06,2.398381991980574
2021-09-07,140.68077154074373
2021-09-08,2.8463818398134717
2021-09-09,0.261321407638499
2021-09-10,11.841593583142282
2021-09-11,0.32188709321458664
2021-09-12,3.066044618958205
2021-09-13,6.528396004750933
2021-09-14,20.156128165322926
2021-09-15,4.570262098530035
2021-09-16,0.9153073052345706
2021-09-17,1.4958536711914698
2021-09-18,3.913946345331726
2021-09-19,5.148826008842591
2021-09-20,98.97139544847882
2021-09-21,27.946762774594472
2021-09-22,44.92105587960591
2021-09-23,8.11103510643602
2021-09-24,23.26964967373756
2021-09-25,0.18108282031295417
2021-09-26,1.0149055477467572
2021-09-27,5.831265223739718
2021-09-28,9.137781077946471
2021-09-29,1.3115963806736037
2021-09-30,25.812831826912884
2021-10-01,86.17778173716079
2021-10-02,0.9679694598175272
2021-10-03,0.7760562006368796
2021-10-04,3.023181532720643
2021-10-05,21.502863865674094
2021-10-06,49.896806212452525
2021-10-07,8.925290274298282
2021-10-08,0.026482054346856205
2021-10-09,2.8867243271586287
2021-10-10,0.24604241678977562
2021-10-11,22.06418831382028
2021-10-12,7.188937192275199
2021-10-13,5.108678005559344
2021-10-14,0.07637903242992217
2021-10-15,49.71805126070438
2021-10-16,1.6474530105679699
2021-10-17,0.8887653243800515
2021-10-18,0.3931117420180753
2021-10-19,11.585183006772114
2021-10-20,6.351107921886583
2021-10-21,36.486550992873944
2021-10-22,6.8009760567093975
2021-10-23,1.022763068475364
2021-10-24,0.7997584172047477
2021-10-25,10.66077572102494
2021-10-26,20.02886151817424
2021-10-27,10.916596952863022
2021-10-28,11.942596225006596
2021-10-29,6.134511258212694
2021-10-30,0.46801748646219576
2021-10-31,1.1293586278296746
2021-11-01,0.4250231609656596
2021-11-02,11.833219796512084
2021-11-03,0.2958528381887233
2021-11-04,6.6437455621375605
2021-11-05,0.4495111355982724
2021-11-06,0.26785577359147406
2021-11-07,7.53571212513652
2021-11-08,40.23254657803737
2021-11-09,1.044796582964091
2021-11-10,9.818568685499468
2021-11-11,0.042980673577914054
2021-11-12,1.8705670442036384
2021-11-13,0.12246736355506514
2021-11-14,1.9529097297271003
2021-11-15,9.590997611924458
2021-11-16,31.69564365075039
2021-11-17,0.04221113852441471
2021-11-18,35.76061573189881
2021-11-19,3.644488347855962
2021-11-20,6.454663422606209
2021-11-21,3.133850779167975
2021-11-22,19.21151691528839
2021-11-23,4.454133482561369
2021-11-24,5.767274265878311
2021-11-25,2.6035139734559887
2021-11-26,46.58094030944985
2021-11-27,4.667345284712236
2021-11-28,17.68955805350412
2021-11-29,0.6930985822662395
2021-11-30,2.350810299747661
2021-12-01,0.06514494405044305
2021-12-02,2.132689907521604
2021-12-03,28.845509439438118
2021-12-04,75.66366013514491
2021-12-05,0.04142309718642359
2021-12-06,5.249641833087277
2021-12-07,0.008893202217007628
2021-12-08,0.2741272408136884
2021-12-09,34.92571923576635
2021-12-10,1.084149374819263
2021-12-11,18.065739276312172
2021-12-12,1.8010117389880342
2021-12-13,50.15160836843026
2021-12-14,0.1641268809851219
2021-12-15,21.587497933556254
2021-12-16,7.225609669696325
2021-12-17,10.599272048451024
2021-12-18,1.568071378117833
2021-12-19,0.19421297837697715
2021-12-20,0.05411440945512049
2021-12-21,17.265988636707856
2021-12-22,0.5917093130335626
2021-12-23,17.644628162003322
2021-12-24,0.004034972154413403
2021-12-25,0.8328674475095991
2021-12-26,0.37500619706527916
2021-12-27,0.22184579866386014
2021-12-28,40.35788549735976
2021-12-29,6.611296700346182
2021-12-30,2.0424150546974977
2021-12-31,4.010247647448846
2022-01-01,7.838489849893675
2022-01-02,0.7336752256607979
2022-01-03,4.117273866073834
2022-01-04,1.8266508130139791
2022-01-05,28.561241530892485
2022-01-06,1.1635348536672792
2022-01-07,15.385550164406975
2022-01-08,0.08126025024881396
2022-01-09,0.08245542296553444
2022-01-10,0.12490864680024677
2022-01-11,4.103452655883866
2022-01-12,7.084900966262636
2022-01-13,10.727103992729074
2022-01-14,1.0989821022735715
2022-01-15,0.0018039187602532111
2022-01-16,0.08114763173620199
2022-01-17,4.6673288830037105
2022-01-18,0.024953866350893982
2022-01-19,2.685121522661176
2022-01-20,7.394686616076182
2022-01-21,123.16807418236519
2022-01-22,17.062367578374676
2022-01-23,11.282977609696104
2022-01-24,0.8057821889003827
2022-01-25,0.45779525333836885
2022-01-26,0.17116874167472007
2022-01-27,0.4041663541709489
2022-01-28,2.5189102534260486
2022-01-29,0.6312178185115792
2022-01-30,0.5150755531181437
2022-01-31,1.803105956427707
2022-02-01,0.2873912581364352
2022-02-02,23.704405161221885
2022-02-03,0.16522484069207335
2022-02-04,119.35661586281842
2022-02-05,0.07931283539672819
2022-02-06,4.7482356055718835
2022-02-07,10.07119919131324
2022-02-08,0.24486454639338232
2022-02-09,0.13000955000235923
2022-02-10,3.6023370979553
2022-02-11,8.00751677238886
2022-02-12,0.27442425035957024
2022-02-13,0.06192682934896733
2022-02-14,0.6098576531439005
2022-02-15,19.5843196182527
2022-02-16,2.3200544721160608
2022-02-17,67.99447215085695
2022-02-18,1.9496415137304879
2022-02-19,0.00807676460438072
2022-02-20,19.74100584634486
2022-02-21,13.913079728851386
2022-02-22,9.460609842663763
2022-02-23,7.595571601874023
2022-02-24,6.772043347404719
2022-02-25,4.563359250139519
2022-02-26,0.17319766036637227
2022-02-27,14.221155914175517
2022-02-28,180.60088134225452
2022-03-01,6.328721513281518
2022-03-02,1.2388014797050215
2022-03-03,12.581853588018744
2022-03-04,68.32957562698411
2022-03-05,0.2830746757334195
2022-03-06,7.0646275153566425
2022-03-07,1.1527769845593991
2022-03-08,2.627092560579631
2022-03-09,62.54342804129507
2022-03-10,40.86186592092191
2022-03-11,3.1690808028745754
2022-03-12,0.020456918115973045
2022-03-13,8.32420589961307
2022-03-14,20.716033397099796
2022-03-15,0.9368114145630341
2022-03-16,18.912964000667618
2022-03-17,0.36812697823142865
2022-03-18,3.671856165456253
2022-03-19,0.6238247086892506
2022-03-20,5.748846777204086
2022-03-21,0.3027411528326124
2022-03-22,8.600941229154609
2022-03-23,1.2442992259005397
2022-03-24,5.390428331580431
2022-03-25,0.5485307873363551
2022-03-26,0.04191377964826517
2022-03-27,24.439918370855345
2022-03-28,0.2672872203968411
2022-03-29,0.3322565307892555
2022-03-30,0.9809763872049841
2022-03-31,11.761085817744721
2022-04-01,2.192479607954813
2022-04-02,1.0678050954827163
2022-04-03,1.274282289732566
2022-04-04,0.050956550808027766
2022-04-05,6.012936917164949
2022-04-06,29.508943590887025
2022-04-07,0.29991989349932174
2022-04-08,8.838968169477544
2022-04-09,1.0503801039853906
2022-04-10,2.218633054773708
2022-04-11,45.0555412051511
2022-04-12,1.910632154750616
2022-04-13,5.856393960276693
2022-04-14,10.074785959576698
2022-04-15,1.9540543067455678
2022-04-16,0.20811869674628847
2022-04-17,3.622913613321597
2022-04-18,6.848604413652478
2022-04-19,2.2676939596269605
2022-04-20,0.2001934098627698
2022-04-21,4.866819711517909
2022-04-22,4.404757953691297
2022-04-23,0.6049805094184709
2022-04-24,0.033056023607642135
2022-04-25,5.462793704247438
2022-04-26,37.18070986088576
2022-04-27,7.659778595744298
2022-04-28,1.4659099318553568
2022-04-29,9.65890792236735
2022-04-30,6.164598016442676
2022-05-01,3.3944931155540954
2022-05-02,0.0003539351079209192
2022-05-03,4.751820929050956
2022-05-04,23.947563251293808
2022-05-05,69.41854914227515
2022-05-06,2.5889486047961388
2022-05-07,2.7039622445154854
2022-05-08,18.371535095309092
2022-05-09,140.2599490297006
2022-05-10,4.973909087036127
2022-05-11,50.41496112036688
2022-05-12,0.060805921190238796
2022-05-13,0.44798297336072457
2022-05-14,6.853981793306735
2022-05-15,14.31699081189393
2022-05-16,23.561674032586414
2022-05-17,2.9925128376936634
2022-05-18,34.88798617969238
2022-05-19,27.71079359343833
2022-05-20,15.056759112132125
2022-05-21,0.4250682949172064
2022-05-22,8.101814526727303
2022-05-23,18.15274670976418
2022-05-24,3.0882269323380145
2022-05-25,0.20475245846761148
2022-05-26,1.3019105564339055
2022-05-27,5.510436523646817
2022-05-28,0.26479372696666825
2022-05-29,4.115850990592363
2022-05-30,53.6055310454885
2022-05-31,0.004888491803461408
2022-06-01,43.72298823001453
2022-06-02,4.328981222565335
2022-06-03,7.151195716818317
2022-06-04,0.08649395091507908
2022-06-05,0.01193678357095616
2022-06-06,21.54421026940635
2022-06-07,0.682237117947196
2022-06-08,10.271625633762188
2022-06-09,0.22751846033538764
2022-06-10,13.045568209039121
2022-06-11,7.048827142591501
2022-06-12,35.256888711108886
2022-06-13,307.75327638168596
2022-06-14,1.9412422316569362
2022-06-15,2.2418309611712792
2022-06-16,107.09938204743203
2022-06-17,0.09128742593048755
2022-06-18,56.313229557531365
2022-06-19,58.18118113350048
2022-06-20,0.00760472176259326
2022-06-21,0.16003986118928515
2022-06-22,13.644480023304743
2022-06-23,27.189466444403664
2022-06-24,0.30397355049261926
2022-06-25,1.2750815902065977
2022-06-26,5.624840570298163
2022-06-27,2.3567195473981064
2022-06-28,5.548909199402593
2022-06-29,1.024739594759206
2022-06-30,3.0227792427452638
2022-07-01,7.711752128107958
2022-07-02,0.07752804453839886
2022-07-03,0.02156415895288227
2022-07-04,21.067179447685294
2022-07-05,0.11643846573186255
2022-07-06,2.626350610211617
2022-07-07,25.280747209490304
2022-07-08,0.08624751586924968
2022-07-09,0.6067118701870117
2022-07-10,12.855028407246461
2022-07-11,20.225161653386145
2022-07-12,11.759447867018867
2022-07-13,18.97502347144136
2022-07-14,2.615730868623426
2022-07-15,1.3206071035969276
2022-07-16,2.393167638877931
2022-07-17,4.3937734212168085
2022-07-18,60.1295535007114
2022-07-19,14.461935866555129
2022-07-20,0.6628684918203319
2022-07-21,0.18224802795588296
2022-07-22,4.400922486526516
2022-07-23,1.5428473309571964
2022-07-24,0.24990409080007428
2022-07-25,33.79339859433741
2022-07-26,0.504309301477412
2022-07-27,56.57896693574998
2022-07-28,14.198879751244627
2022-07-29,0.0914502758373493
2022-07-30,0.5823389234090821
2022-07-31,2.2399061562559766
2022-08-01,0.055201252633417595
2022-08-02,2.527043414505531
2022-08-03,0.5070140179061031
2022-08-04,1.1785177074685549
2022-08-05,7.4526101390075405
2022-08-06,2.42169301384595
2022-08-07,0.6283451900161504
2022-08-08,6.551099308198724
2022-08-09,8.321738408942014
2022-08-10,10.163576776099033
2022-08-11,0.009286558347756456
2022-08-12,2.9034633517692305
2022-08-13,0.0025604393960826834
2022-08-14,0.32192154544422885
2022-08-15,0.7926877152279029
2022-08-16,1.4261461817526113
2022-08-17,6.0311377567221545
2022-08-18,0.44520748345024574
2022-08-19,115.35419848389853
2022-08-20,1.5247313680618828
2022-08-21,2.5164408188211334
2022-08-22,0.5890919463338904
2022-08-23,0.2154968549251173
2022-08-24,0.5740734138882967
2022-08-25,0.6724962187478583
2022-08-26,42.85292628828962
2022-08-27,1.490567456824115
2022-08-28,5.201302517412318
2022-08-29,10.731233617517496
2022-08-30,6.957861043306483
2022-08-31,1.281467966019398
2022-09-01,0.06127542726975576
2022-09-02,0.8511740915449346
2022-09-03,0.688054972313781
2022-09-04,0.40832622039218597
2022-09-05,1.0277056820722767
2022-09-06,26.857782453777112
2022-09-07,5.003598033166598
2022-09-08,0.0044841817059250695
2022-09-09,98.9700013777657
2022-09-10,1.569710409046126
2022-09-11,0.0732905089655821
2022-09-12,6.6903619005128325
2022-09-13,97.33525055971113
2022-09-14,0.16977685031911385
2022-09-15,8.07185842398693
2022-09-16,0.05016695973012865
2022-09-17,2.6955278418303807
2022-09-18,13.830392758822914
2022-09-19,0.25205240000843476
2022-09-20,12.515255857740314
2022-09-21,3.8892744477154166
2022-09-22,19.594121428643653
2022-09-23,0.5424331737145499
2022-09-24,4.096928460298119
2022-09-25,0.7269758725247732
2022-09-26,4.30377354503738
2022-09-27,0.5222178403073572
2022-09-28,2.2598114276339416
2022-09-29,0.3754939090950324
2022-09-30,0.7430014981483329
2022-10-01,0.5708023834649071
2022-10-02,2.3563225995461026
2022-10-03,8.17831095331402
2022-10-04,11.782650580121834
2022-10-05,1.0149829152557426
2022-10-06,1.3480305385944893
2022-10-07,4.868314829323423
2022-10-08,0.6502515092221371
2022-10-09,0.0002563777868926814
2022-10-10,2.9521363686550086
2022-10-11,0.3712262233702354
2022-10-12,0.17417821793682528
2022-10-13,1.0657664568663752
2022-10-14,1.3467500848822584
2022-10-15,0.5695685655342095
2022-10-16,0.8247802890088778
2022-10-17,1.7389866108627003
2022-10-18,1.563439472072172
2022-10-19,1.324122427435138
2022-10-20,0.3444644201965834
2022-10-21,0.23381873398264852
2022-10-22,0.002351875786867284
2022-10-23,2.934958637335289
2022-10-24,1.6275975715583582
2022-10-25,13.449599508393081
2022-10-26,10.01137970847246
2022-10-27,6.242209577082923
2022-10-28,1.8950447964910073
2022-10-29,0.8834234164759671
2022-10-30,1.0402793770489909
2022-10-31,0.6684123374504882
2022-11-01,0.03567799617476295
2022-11-02,3.0299856583321136
2022-11-03,0.012649197604561608
2022-11-04,19.32091982238386
2022-11-05,0.2508760206156134
2022-11-06,3.3324200352373805
2022-11-07,2.8778712975816094
2022-11-08,114.07324427203946
2022-11-09,244.1905592542862
2022-11-10,101.32632700692044
2022-11-11,11.085492723102325
2022-11-12,2.3331248018129767
2022-11-13,7.993701604075465
2022-11-14,2.1574622828507843
2022-11-15,2.1105950664859856
2022-11-16,2.016999382515258
2022-11-17,0.0008556242397408931
2022-11-18,0.0058034248307633875
2022-11-19,0.0030485550372560035
2022-11-20,7.189080256596334
2022-11-21,10.781695717454891
2022-11-22,5.663583739926945
2022-11-23,5.900782845492974
2022-11-24,0.030705328834431358
2022-11-25,0.4051074102507904
2022-11-26,0.23682034816784722
2022-11-27,0.06609510247458811
2022-11-28,2.3394553568136356
2022-11-29,1.5785495377271368
2022-11-30,17.375005509161376
2022-12-01,1.7367282454969335
2022-12-02,0.3318400625340497
2022-12-03,1.4377604335454597
2022-12-04,1.3647876156559204
2022-12-05,1.103487051021155
2022-12-06,0.2869322008885539
2022-12-07,2.434039255509167
2022-12-08,4.510428791083846
2022-12-09,0.5205334596836471
2022-12-10,0.02672878978411856
2022-12-11,0.07894002595969819
2022-12-12,0.21008453348053222
2022-12-13,9.915167371760322
2022-12-14,0.0030525698804134056
2022-12-15,7.292598168910808
2022-12-16,18.98017176750411
2022-12-17,0.555195227466328
2022-12-18,0.12879206560312076
2022-12-19,4.224209531257735
2022-12-20,7.082131864351268
2022-12-21,0.44102076040592386
2022-12-22,0.0037848895875150267
2022-12-23,0.11304647079165225
2022-12-24,0.027011783058705784
2022-12-25,0.02954753514263483
2022-12-26,0.1045504376480005
2022-12-27,1.8022194832930072
2022-12-28,1.2704626757869368
2022-12-29,0.16258756606709687
2022-12-30,0.1419877244420211
2022-12-31,0.2209089887304298
2023-01-01,0.10897765210057256
2023-01-02,0.05901356184620196
2023-01-03,0.03582256031357117
2023-01-04,0.9135008782647922
2023-01-05,0.08698061952893804
2023-01-06,0.2964108043218352
2023-01-07,0.014233066128373375
2023-01-08,0.4378008864841912
2023-01-09,0.22773503554656532
2023-01-10,1.7008604052728213
2023-01-11,6.887853553550626
2023-01-12,24.430036665636596
2023-01-13,27.324438247304208
2023-01-14,25.822669319355256
2023-01-15,0.3527864326339614
2023-01-16,1.5280148992060003
2023-01-17,0.030967353849988354
2023-01-18,5.745254790012339
2023-01-19,3.1254365118954026
2023-01-20,50.848483539830404
2023-01-21,0.09429769772861199
2023-01-22,0.15141594681409132
2023-01-23,0.6398419656463489
2023-01-24,2.0890392747663675
2023-01-25,3.867812414944409
2023-01-26,0.2563982791537811
2023-01-27,0.0038021590795403654
2023-01-28,0.11852488228110523
2023-01-29,9.238502749304644
2023-01-30,17.20038315645861
2023-01-31,1.35393204550577
2023-02-01,5.555121200696867
2023-02-02,1.452309358163126
2023-02-03,0.05464215841919608
2023-02-04,0.4094392115745122
2023-02-05,3.1084927677032743
2023-02-06,0.9864077827861235
2023-02-07,4.216355354927942
2023-02-08,2.3839830793452506
2023-02-09,26.470384858214132
2023-02-10,0.8279630869076916
2023-02-11,0.760260293967163
2023-02-12,0.2666266930136384
2023-02-13,0.0021490658330956206
2023-02-14,3.0175289434936166
2023-02-15,78.13424612007283
2023-02-16,8.960761734798742
2023-02-17,14.23539275868424
2023-02-18,0.028879388611117364
2023-02-19,2.0124682539939407
2023-02-20,3.6208818006716372
2023-02-21,3.0007979867974948
2023-02-22,1.335602469625516
2023-02-23,1.3005912448127865
2023-02-24,11.001492184937986
2023-02-25,0.05558645822463424
2023-02-26,2.2907173208376843
2023-02-27,0.09030520627194889
2023-02-28,3.0517158078094893
2023-03-01,3.984165687395176
2023-03-02,0.746112465026565
2023-03-03,24.93889309028155
2023-03-04,0.032174798560376944
2023-03-05,0.05255669504981517
2023-03-06,0.02666735222109958
2023-03-07,1.1626379295237692
2023-03-08,5.863054486390188
2023-03-09,43.297641395375386
2023-03-10,1.0092386114591647
2023-03-11,4.176215648248768
2023-03-12,49.318992099513494
2023-03-13,74.66204971225291
2023-03-14,4.426704414324635
2023-03-15,2.704659756401754
2023-03-16,6.7658731126941785
2023-03-17,79.30683911720853
2023-03-18,3.3197152981010416
2023-03-19,14.164747001284649
2023-03-20,1.233096682076539
2023-03-21,1.7505484880954123
2023-03-22,10.68071602594876
2023-03-23,12.620967432990748
2023-03-24,9.920082937897853
2023-03-25,0.017548675474003694
2023-03-26,2.766250183195599
2023-03-27,10.480674607383824
2023-03-28,0.11140041827625755
2023-03-29,14.045232307936761
2023-03-30,1.5740283653251002
2023-03-31,2.0649646643412685
2023-04-01,0.14045003413169949
2023-04-02,0.7843939578451771
2023-04-03,2.5567063799400707
2023-04-04,1.4711642285564848
2023-04-05,0.010510848028846123
2023-04-06,0.3767120564840388
2023-04-07,0.31393954936408125
2023-04-08,0.003495718734332233
2023-04-09,1.5164106226477807
2023-04-10,19.49859794032278
2023-04-11,3.262741217544663
2023-04-12,0.20764406102550745
2023-04-13,0.5203752242786784
2023-04-14,0.021590422834456773
2023-04-15,0.47281674561737025
2023-04-16,0.02190468366606875
2023-04-17,9.30564374872014
2023-04-18,9.278134899559568
2023-04-19,29.78536130644484
2023-04-20,4.660225996793771
2023-04-21,13.167686671636696
2023-04-22,3.3300142304833864
2023-04-23,0.9097670987178325
2023-04-24,0.14235367016759087
2023-04-25,7.100507671062096
2023-04-26,0.07190420231253472
2023-04-27,12.20573208686745
2023-04-28,0.35011277913808336
2023-04-29,0.20333184071328422
2023-04-30,0.0046511102198956945
2023-05-01,18.002443261920362
2023-05-02,3.7530694194253797
2023-05-03,0.9837011302502053
2023-05-04,0.47047634171743186
2023-05-05,4.905380528204744
2023-05-06,5.2578721517163
2023-05-07,2.908676456818663
2023-05-08,8.107635670235826
2023-05-09,0.07070467598717982
2023-05-10,0.07375371854038953
2023-05-11,5.8148778585158745
2023-05-12,0.7489945512918622
2023-05-13,0.04652182135607895
2023-05-14,0.16651144657388506
2023-05-15,0.6901053889223667
2023-05-16,0.5085648487229698
2023-05-17,1.4231342892078513
2023-05-18,4.960755223125577
2023-05-19,0.006081511366716751
2023-05-20,0.5608767194976246
2023-05-21,2.348187480243725
2023-05-22,0.05105184783491161
2023-05-23,1.5556407118339473
2023-05-24,12.004028402853427
2023-05-25,0.15825249622115625
2023-05-26,0.6026265814019945
2023-05-27,0.17530134713230178
2023-05-28,18.432484806776614
2023-05-29,1.83535896452606
2023-05-30,0.08683214134979943
2023-05-31,3.5926255806740945
2023-06-01,2.6143694793883143
2023-06-02,2.1069048212006765
2023-06-03,0.608297888038981
2023-06-04,0.0006005146342518105
2023-06-05,27.86443685967745
2023-06-06,29.63570815189439
2023-06-07,12.042186776355155
2023-06-08,0.22676035319944912
2023-06-09,0.05891737287817763
2023-06-10,6.46265101137907
2023-06-11,0.04233908090480537
2023-06-12,0.08006607735649413
2023-06-13,0.00562654538042899
2023-06-14,10.55716027949811
2023-06-15,2.703704546065226
2023-06-16,7.599032824433913
2023-06-17,0.3089659784506998
2023-06-18,0.6366497419898399
2023-06-19,3.2338171543698833
2023-06-20,27.198379161902082
2023-06-21,32.37357736779416
2023-06-22,0.2718739728423276
2023-06-23,5.987552456279095
2023-06-24,0.3806270405128235
2023-06-25,0.1309781747086396
2023-06-26,0.6824851447600101
2023-06-27,1.5144092026725666
2023-06-28,4.48818965105866
2023-06-29,1.1001424500050325
2023-06-30,0.0010836388022826917
2023-07-01,0.053764364169089966
2023-07-02,0.0013959228184381022
2023-07-03,2.549130392470231
2023-07-04,1.8525412230698712
2023-07-05,0.9944005595665594
2023-07-06,4.578200381834922
2023-07-07,1.688565106272995
2023-07-08,0.09099661503127755
2023-07-09,0.29041048981161366
2023-07-10,0.4426385711586867
2023-07-11,0.2904690849041548
2023-07-12,0.790872189521914
2023-07-13,11.345234726032777
2023-07-14,14.693332347015243
2023-07-15,0.06962056489942088
2023-07-16,0.08516016739097457
2023-07-17,0.22995815779948867
2023-07-18,1.2144737508068546
2023-07-19,0.0029480227781153658
2023-07-20,0.2981221460159373
2023-07-21,0.06421299318296941
2023-07-22,0.35588206699627883
2023-07-23,0.8232348102284114
2023-07-24,10.24638060267464
2023-07-25,0.0012392195686022555
2023-07-26,0.08875771824024958
2023-07-27,0.39736237296106514
2023-07-28,0.054429553986546704
2023-07-29,8.532070067182238e-05
2023-07-30,0.17307295338864556
2023-07-31,0.08535120161185455
2023-08-01,1.8916712039454613
2023-08-02,3.6802345766512703
2023-08-03,0.002118293215771938
2023-08-04,0.2467370688265725
2023-08-05,0.06132863364746911
2023-08-06,0.019203805787883565
2023-08-07,0.1148426249136662
2023-08-08,3.4113931175888323
2023-08-09,0.6812078042754814
2023-08-10,0.34203536501750326
2023-08-11,0.06052470359944445
2023-08-12,0.005712729983964705
2023-08-13,0.3492538971126762
2023-08-14,0.0841686918473511
2023-08-15,0.9035548257081136
2023-08-16,3.0870542052779766
2023-08-17,56.25082510850999
2023-08-18,6.1061763825986155
2023-08-19,0.0017034273170142172
2023-08-20,0.048199543603805795
2023-08-21,0.15041899985454435
2023-08-22,0.24234939423231744
2023-08-23,1.924330935506777
2023-08-24,1.3493135692450553
2023-08-25,0.33297774803681734
2023-08-26,0.08309912940321229
2023-08-27,0.030343377767123297
2023-08-28,0.005562805114337911
2023-08-29,34.660845981120964
2023-08-30,2.8936457265422018
2023-08-31,27.778776807591647
2023-09-01,0.4136090292387417
2023-09-02,0.01583965481150426
2023-09-03,0.0630680633221817
2023-09-04,0.554450378070708
2023-09-05,0.06936541080448066
2023-09-06,0.058295387467615006
2023-09-07,3.0121947302244614
2023-09-08,2.018553247613531
2023-09-09,0.031032893013973467
2023-09-10,0.14666585845322805
2023-09-11,7.6387623724003415
2023-09-12,6.214399829110774
2023-09-13,1.9036888101113776
2023-09-14,1.086682228712568
2023-09-15,0.014903805599689126
2023-09-16,0.08388787297800497
2023-09-17,0.07078282390220363
2023-09-18,0.4739057693510148
2023-09-19,2.419478424361476
2023-09-20,0.18386162508749865
2023-09-21,5.016210261792844
2023-09-22,0.00859847147616603
2023-09-23,0.01913012293442103
2023-09-24,1.8459453246140225
2023-09-25,0.000435685518601694
2023-09-26,0.1998089615388736
2023-09-27,0.1426839476892827
2023-09-28,5.610633696243985
2023-09-29,0.29692740337526313
2023-09-30,0.005034301905681828
2023-10-01,12.673379909026258
2023-10-02,3.1313340157617193
2023-10-03,0.2544947269966177
2023-10-04,1.4403094553969473
2023-10-05,2.330841051624915
2023-10-06,3.166781764424713
2023-10-07,0.0033740386253099616
2023-10-08,0.06676325561024929
2023-10-09,1.9700417856902206
2023-10-10,0.7031553668959911
2023-10-11,4.185154769311804
2023-10-12,0.32739128231231085
2023-10-13,0.06561670625098247
2023-10-14,0.019636322059837532
2023-10-15,0.9320609434492715
2023-10-16,22.54157381836487
2023-10-17,0.2519868727573694
2023-10-18,0.19866183661693737
2023-10-19,1.5246819415891857
2023-10-20,9.991503125410405
2023-10-21,0.425739277576256
2023-10-22,0.013073635164937073
2023-10-23,93.59977279020437
2023-10-24,5.274519376418229
2023-10-25,2.62588126183483
2023-10-26,1.313372935774985
2023-10-27,0.7446998288479156
2023-10-28,0.15296585776623678
2023-10-29,1.370316591363668
2023-10-30,0.058694062470390655
2023-10-31,0.11604302391371465
2023-11-01,4.233901154404286
2023-11-02,2.4205363585916757
2023-11-03,0.5310965201484356
2023-11-04,0.7476245889580709
2023-11-05,0.05349743675717622
2023-11-06,0.02952956940417583
2023-11-07,1.0302199918619752
2023-11-08,0.20968113942450986
2023-11-09,7.461534677725526
2023-11-10,2.372190188144002
2023-11-11,0.37235774432338997
2023-11-12,0.1316363617116382
2023-11-13,2.686310192212175
2023-11-14,7.9302997030825955
2023-11-15,39.02472076647283
2023-11-16,23.04593910101564
2023-11-17,1.1604281338514923
2023-11-18,0.028107025114419138
2023-11-19,4.1115516431637875
2023-11-20,0.010793225200889123
2023-11-21,21.873442152703156
2023-11-22,18.339771556263717
2023-11-23,0.2700287840208402
2023-11-24,1.0214035079205375
2023-11-25,0.00422386857316763
2023-11-26,0.963672025971441
2023-11-27,0.5470979094346354
2023-11-28,1.957448249433172
2023-11-29,0.00425436514276284
2023-11-30,0.27390767551754813
2023-12-01,5.843967872765609
2023-12-02,3.525386703519611
2023-12-03,1.2681779089813716
2023-12-04,22.543634012109788
2023-12-05,22.513890565900375
2023-12-06,0.8076519261320085
2023-12-07,1.393247371536204
2023-12-08,3.46304306914894
2023-12-09,1.3002337254867127
2023-12-10,0.0002212409565063089
2023-12-11,37.265013857802195
2023-12-12,0.13070019475525613
2023-12-13,10.749427527019353
2023-12-14,0.029757325890260356
2023-12-15,7.364769483638347
2023-12-16,0.3597838614390429
2023-12-17,4.981758103870015
2023-12-18,8.181453120412424
2023-12-19,0.9395426243209788
2023-12-20,9.479198645820853
2023-12-21,0.12817371385445228
2023-12-22,0.02415338125043855
2023-12-23,0.5279217475945547
2023-12-24,3.259517028819157
2023-12-25,1.5393865334735264
2023-12-26,7.156111598311421
2023-12-27,4.034458385362467
2023-12-28,4.126956998388041
2023-12-29,1.9184491899268719
2023-12-30,1.3332714868740587e-06
2023-12-31,0.014134807794001827
2024-01-01,18.186160565260394
2024-01-02,2.6785165268610207
2024-01-03,24.444504076364616
2024-01-04,8.544471367764135
2024-01-05,0.03120567541152562
2024-01-06,0.2822514363611925
2024-01-07,0.05880192266890641
2024-01-08,42.57280152481705
2024-01-09,3.694794051937809
2024-01-10,0.8364205016724494
2024-01-11,0.48311829043194443
2024-01-12,64.35097395921764
2024-01-13,0.026508354260058407
2024-01-14,6.810641260163021
2024-01-15,2.434265876056238
2024-01-16,1.8591143967953419
2024-01-17,1.2047571076867971
2024-01-18,13.417815139081487
2024-01-19,0.5216736298739095
2024-01-20,0.0005926620844802903
2024-01-21,0.18112386036988068
2024-01-22,26.713743973284224
2024-01-23,0.5108181435445788
2024-01-24,0.19512325084445106
2024-01-25,0.2457767147773444
2024-01-26,19.981029201585983
2024-01-27,0.3419539507833119
2024-01-28,0.11449330889537213
2024-01-29,7.833273470505076
2024-01-30,0.8390880537469679
2024-01-31,1.005604387023181
2024-02-01,1.0278837765978548
2024-02-02,0.013828455987471303
2024-02-03,0.34453090080994864
2024-02-04,1.1941061036697498
2024-02-05,0.0014843879622611436
2024-02-06,0.7328001559401038
2024-02-07,7.210415167859642
2024-02-08,4.230936879807234
2024-02-09,14.866087380779446
2024-02-10,1.3861602563369881
2024-02-11,0.9033807287872789
2024-02-12,10.565781817183016
2024-02-13,0.32547238759608554
2024-02-14,15.73742186173995
2024-02-15,0.006077438145885582
2024-02-16,0.0830593919103277
2024-02-17,1.2000018232476801
2024-02-18,0.5594148877938561
2024-02-19,0.6378567842264855
2024-02-20,0.6960980993417724
