Date,returns
2014-09-18,-7.464335114905
2014-09-19,-7.240150831598667
2014-09-20,3.511123892407983
2014-09-21,-2.4967658573127793
2014-09-22,0.8317415847792081
2014-09-23,8.033258980830759
2014-09-24,-2.9306072958098177
2014-09-25,-2.7867817193167923
2014-09-26,-1.7522571265166875
2014-09-27,-1.2202475999442317
2014-09-28,-5.753862134517328
2014-09-29,-0.4554565208133669
2014-09-30,3.010936786854685
2014-10-01,-0.8640560327416795
2014-10-02,-2.2521436563615103
2014-10-03,-4.237044549422231
2014-10-04,-8.90971731632362
2014-10-05,-2.573685720834996
2014-10-06,2.9418542484082595
2014-10-07,1.8335537549769843
2014-10-08,4.863049010753199
2014-10-09,3.367050886515816
2014-10-10,-0.9535019685869595
2014-10-11,0.2036301839769173
2014-10-12,4.387568380252533
2014-10-13,3.086216574971276
2014-10-14,2.642945473533767
2014-10-15,-1.5326230901940883
2014-10-16,-3.1435894996154166
2014-10-17,0.31370869973757615
2014-10-18,1.982518661870079
2014-10-19,-0.4855387987120306
2014-10-20,-1.7351722052715512
2014-10-21,0.9436987957972875
2014-10-22,-0.8619789324393464
2014-10-23,-6.675031813644424
2014-10-24,-0.020087830465635576
2014-10-25,-3.1390769190214725
2014-10-26,2.1178223352178427
2014-10-27,-0.4846733365239283
2014-10-28,1.3028475982844394
2014-10-29,-6.357224291092703
2014-10-30,2.8534896464091997
2014-10-31,-2.0432871725218673
2014-11-01,-3.7868067090557753
2014-11-02,0.04389084643792419
2014-11-03,0.5086850113011884
2014-11-04,0.8929583542813927
2014-11-05,2.685022019464371
2014-11-06,2.8469860439230645
2014-11-07,-1.9879070506611423
2014-11-08,0.8934452738033634
2014-11-09,5.017193407964527
2014-11-10,1.002490925623583
2014-11-11,0.20990373441413168
2014-11-12,14.144374235950053
2014-11-13,-0.6694405456441629
2014-11-14,-5.600854991385603
2014-11-15,-5.605180451604571
2014-11-16,3.0758347508881285
2014-11-17,-0.12227659222478499
2014-11-18,-3.2024492730085763
2014-11-19,1.4176812837003123
2014-11-20,-6.154474536821272
2014-11-21,-1.9732890613733702
2014-11-22,0.5888382124504188
2014-11-23,4.068049266746527
2014-11-24,2.506062301536968
2014-11-25,-0.41289819041063386
2014-11-26,-1.8765719594816286
2014-11-27,0.35228975123791156
2014-11-28,1.8166490984887675
2014-11-29,-0.2542747360365181
2014-11-30,0.6784023042740145
2014-12-01,0.3163902586034823
2014-12-02,0.5443390244398718
2014-12-03,-1.66730932729212
2014-12-04,-1.4520545533967717
2014-12-05,1.9425682112808151
2014-12-06,-0.5505316911438858
2014-12-07,0.08267924847559234
2014-12-08,-3.5786540910186635
2014-12-09,-2.7139664971795785
2014-12-10,-1.6760020464782286
2014-12-11,1.1884754732860379
2014-12-12,0.5791883069589239
2014-12-13,-1.4761954756862645
2014-12-14,1.217735437793701
2014-12-15,-1.8041220652238212
2014-12-16,-5.4394129697352325
2014-12-17,-2.2529037468551816
2014-12-18,-2.6555352175350935
2014-12-19,2.049210790497289
2014-12-20,3.7401783536729765
2014-12-21,-2.8007426419110795
2014-12-22,3.3839628681328193
2014-12-23,0.8060580781696913
2014-12-24,-3.6643529605327387
2014-12-25,-1.0992379373534256
2014-12-26,2.756574140127263
2014-12-27,-3.7473312321176335
2014-12-28,0.4346879974207228
2014-12-29,-1.4507111911498327
2014-12-30,-0.6201470535028945
2014-12-31,2.997702396510356
2015-01-01,-1.8738274882211696
2015-01-02,0.24886192856885234
2015-01-03,-11.402781772464737
2015-01-04,-6.195894974124395
2015-01-05,3.816904066200965
2015-01-06,4.17958802770686
2015-01-07,2.8072972952745903
2015-01-08,-3.8046038508232902
2015-01-09,2.460744467252288
2015-01-10,-5.5257826855931365
2015-01-11,-3.381165828602173
2015-01-12,0.8008149758100299
2015-01-13,-17.03057269491352
2015-01-14,-23.755771549530536
2015-01-15,16.4002352794029
2015-01-16,-0.8360051860799687
2015-01-17,-4.339384068730567
2015-01-18,5.411005929718155
2015-01-19,2.127073585047844
2015-01-20,-1.6641349425745793
2015-01-21,7.114626123199298
2015-01-22,2.8283267563904655
2015-01-23,-0.2260455630801842
2015-01-24,6.229262485473275
2015-01-25,2.3411802380044455
2015-01-26,7.497944406522499
2015-01-27,-3.724435725045598
2015-01-28,-11.900073718364432
2015-01-29,-0.17200206333921858
2015-01-30,-3.0823974429389263
2015-01-31,-4.038043738172846
2015-02-01,4.279332203631927
2015-02-02,4.840574994570224
2015-02-03,-4.710245086441031
2015-02-04,-0.1827744845303561
2015-02-05,-4.389350799334898
2015-02-06,2.346618327569626
2015-02-07,2.439119754380642
2015-02-08,-1.9248477480192965
2015-02-09,-1.4890187808607818
2015-02-10,-0.12319433610069223
2015-02-11,-0.2979369869067312
2015-02-12,1.1697676548012859
2015-02-13,5.978710744575167
2015-02-14,8.892349379425552
2015-02-15,-9.148384584019954
2015-02-16,-0.4190582960673949
2015-02-17,4.091862847771824
2015-02-18,-3.0356363592727225
2015-02-19,1.660519034172677
2015-02-20,1.4444690551578292
2015-02-21,0.30922388719827126
2015-02-22,-3.5619980715916975
2015-02-23,1.2277195944320576
2015-02-24,-0.06574070841030594
2015-02-25,-0.531284787144011
2015-02-26,-0.44060639686232955
2015-02-27,7.102164294766814
2015-02-28,0.17122824925009458
2015-03-01,2.3089070174587865
2015-03-02,5.774631039705618
2015-03-03,2.1645212985012714
2015-03-04,-3.1040986682492737
2015-03-05,1.1236844892019124
2015-03-06,-1.2589019563885342
2015-03-07,1.2889423033744005
2015-03-08,-0.6926764001895432
2015-03-09,5.410555539115712
2015-03-10,0.7406767027843436
2015-03-11,1.5707453323950218
2015-03-12,-0.6855895378802532
2015-03-13,-3.11121803793417
2015-03-14,-1.217173654759659
2015-03-15,1.586579121122526
2015-03-16,1.455860602341602
2015-03-17,-1.7664059044773035
2015-03-18,-10.791478367740183
2015-03-19,1.7899766313779417
2015-03-20,0.3141460438573492
2015-03-21,-0.6608245488491631
2015-03-22,3.005992698487651
2015-03-23,-0.4563319168047861
2015-03-24,-8.2590521853266
2015-03-25,0.24482110178941308
2015-03-26,0.9439546802021883
2015-03-27,-0.6065833740133985
2015-03-28,2.308500045707821
2015-03-29,-4.071110245965539
2015-03-30,1.963596613450928
2015-03-31,-1.3429797994592731
2015-04-01,1.2403125199170975
2015-04-02,2.29203125311117
2015-04-03,0.5191934481623315
2015-04-04,-0.24605390743548294
2015-04-05,2.6838293063609355
2015-04-06,-1.9787843949012902
2015-04-07,-0.9090445919442811
2015-04-08,-3.275265389486312
2015-04-09,-0.5508562383289327
2015-04-10,-3.1702583387589334
2015-04-11,0.20311955561355305
2015-04-12,-0.16881656356903949
2015-04-13,-5.021671457956213
2015-04-14,-2.44657067673963
2015-04-15,2.1102726636105706
2015-04-16,2.095542078043048
2015-04-17,-2.5213125195807664
2015-04-18,0.21244232660850323
2015-04-19,-0.339045741368914
2015-04-20,0.9060362216785417
2015-04-21,4.629269993654071
2015-04-22,-0.4656580910825517
2015-04-23,0.9714594733087079
2015-04-24,-2.221030781053106
2015-04-25,-2.131806137951206
2015-04-26,-3.1225931376802336
2015-04-27,4.393687124600232
2015-04-28,-1.5076931389111392
2015-04-29,-0.020810680116090875
2015-04-30,4.476096650210979
2015-05-01,-1.7368232899781968
2015-05-02,1.2209757927328984
2015-05-03,2.284191943443512
2015-05-04,-0.5590600314613297
2015-05-05,-1.2194490570728496
2015-05-06,-2.7213371532453103
2015-05-07,3.233740691424461
2015-05-08,2.7138189042092713
2015-05-09,-0.8363345997192749
2015-05-10,-0.6371754642038634
2015-05-11,0.7718906748170874
2015-05-12,-0.4328871534384656
2015-05-13,-1.9833570375609213
2015-05-14,0.23325383734177588
2015-05-15,0.2849091256635404
2015-05-16,-0.6129713522271091
2015-05-17,0.2744457633568561
2015-05-18,-1.5636672562722795
2015-05-19,-0.507876047261207
2015-05-20,0.8889134295103218
2015-05-21,0.5650190252098665
2015-05-22,2.1039654392675935
2015-05-23,-0.6160084501103913
2015-05-24,0.8674087312006047
2015-05-25,-1.607773483048485
2015-05-26,0.002529049072843757
2015-05-27,0.07040801201424068
2015-05-28,0.05266583962282316
2015-05-29,-0.13151069966266735
2015-05-30,-1.5947042706826735
2015-05-31,-1.3612984892928126
2015-06-01,-3.2065210637688613
2015-06-02,1.2823055324273793
2015-06-03,0.03143801795711686
2015-06-04,-0.6885832118475905
2015-06-05,0.2795569450765387
2015-06-06,0.29607228818376286
2015-06-07,-1.2209768590978913
2015-06-08,2.4850080233436733
2015-06-09,0.24435445103693543
2015-06-10,-0.10702625984199303
2015-06-11,0.39345408539083143
2015-06-12,0.12051366843483038
2015-06-13,1.0467578165980995
2015-06-14,0.4897611391449035
2015-06-15,1.3946807230271356
2015-06-16,5.77215235200358
2015-06-17,-0.6441746888821898
2015-06-18,-0.11117713391535111
2015-06-19,-1.7832259441455525
2015-06-20,0.24744011301841207
2015-06-21,-0.5184473648919046
2015-06-22,1.2409180462625207
2015-06-23,-1.0967245914401351
2015-06-24,-1.5598171178905587
2015-06-25,0.9451468843974751
2015-06-26,0.3268956967133824
2015-06-27,2.9910238649985
2015-06-28,-0.7916041018021671
2015-06-29,3.182798451698441
2015-06-30,2.310266154671791
2015-07-01,-1.7064046599051412
2015-07-02,-1.2485740380607286
2015-07-03,0.3611140537128755
2015-07-04,1.7594399701258707
2015-07-05,4.139866364903754
2015-07-06,-1.0659248530482286
2015-07-07,-1.0548688624993647
2015-07-08,1.705095721058097
2015-07-09,-0.5766569135055686
2015-07-10,5.655863250545527
2015-07-11,2.8447765197700607
2015-07-12,5.880019194966264
2015-07-13,-6.242651475623316
2015-07-14,-1.5841069719805347
2015-07-15,-0.5703832709608048
2015-07-16,-2.7452597215516126
2015-07-17,0.496088681237782
2015-07-18,-1.6491018120761647
2015-07-19,-0.46926324057651625
2015-07-20,1.9425230515446275
2015-07-21,-1.134799606665116
2015-07-22,0.5022936197976214
2015-07-23,-0.42401477702135515
2015-07-24,4.334691796585831
2015-07-25,0.14523190754852883
2015-07-26,1.3722713943767524
2015-07-27,0.3199635296651489
2015-07-28,0.2731088083620651
2015-07-29,-1.6564984356814871
2015-07-30,-0.6471433314072165
2015-07-31,-1.0734349613805398
2015-08-01,-1.076911172439656
2015-08-02,0.35908351551854667
2015-08-03,-0.4919921450151541
2015-08-04,1.4091618850608487
2015-08-05,-1.176525184182441
2015-08-06,-1.1794015540393898
2015-08-07,0.3611842885057889
2015-08-08,-6.879738173945293
2015-08-09,1.5534065416501979
2015-08-10,-0.23151860348410652
2015-08-11,2.212268918500627
2015-08-12,-1.4941646019161534
2015-08-13,-0.8656834399337742
2015-08-14,0.6040512802955279
2015-08-15,-1.5663275932740888
2015-08-16,-1.1706545070410979
2015-08-17,-0.2056120054692593
2015-08-18,-20.063416232442716
2015-08-19,7.132455635785632
2015-08-20,3.7516791304678736
2015-08-21,-1.1886837538967865
2015-08-22,-0.9413433789144801
2015-08-23,-0.9686912182080969
2015-08-24,-8.062473359634078
2015-08-25,5.145266189809527
2015-08-26,1.8872365248560865
2015-08-27,-0.47137081576419043
2015-08-28,2.9057315980821263
2015-08-29,-0.7008187531501915
2015-08-30,-0.444452674457543
2015-08-31,0.5644959118663913
2015-09-01,-0.8446556918348894
2015-09-02,0.5085195369726353
2015-09-03,-0.9205540744851579
2015-09-04,1.36182862926165
2015-09-05,2.0292209507412844
2015-09-06,2.0305669091942837
2015-09-07,0.0029201476095330114
2015-09-08,1.5555028445459531
2015-09-09,-2.2579945075460515
2015-09-10,0.1296586674883793
2015-09-11,0.6811744345291529
2015-09-12,-2.052511060196729
2015-09-13,-2.0256631126833224
2015-09-14,0.05724908294613855
2015-09-15,-0.147520501657647
2015-09-16,-0.5280859583557768
2015-09-17,0.31335504931132735
2015-09-18,1.3678307924647124
2015-09-19,-0.6381558728588355
2015-09-20,-0.12145562897129612
2015-09-21,-1.801063655418645
2015-09-22,1.543821932437468
2015-09-23,-0.14536376070196363
2015-09-24,1.8270269270815795
2015-09-25,0.26188032116559834
2015-09-26,-0.342504388453875
2015-09-27,-0.6778029461708627
2015-09-28,2.7062503461009677
2015-09-29,-1.0318932398919054
2015-09-30,-0.26525785544473646
2015-10-01,0.6287901367533316
2015-10-02,-0.10782396311617211
2015-10-03,0.60375269268542
2015-10-04,-0.1974859783494561
2015-10-05,0.8875137866671141
2015-10-06,2.335414868766111
2015-10-07,-1.2653776022319212
2015-10-08,-0.2740699397022234
2015-10-09,0.6692257742013159
2015-10-10,0.4131944378731938
2015-10-11,0.8573415850475552
2015-10-12,-0.707619925894907
2015-10-13,1.6976402807395332
2015-10-14,0.9894468274496551
2015-10-15,0.9207915934275149
2015-10-16,3.306241831528717
2015-10-17,2.9133814880568663
2015-10-18,-3.3808578905345144
2015-10-19,0.6833295002768118
2015-10-20,2.2616842061920965
2015-10-21,-1.1912782119455398
2015-10-22,2.869372725336826
2015-10-23,0.8984280367577967
2015-10-24,1.8482975533646497
2015-10-25,0.7167478715194853
2015-10-26,0.5694398925499903
2015-10-27,2.9317184247970474
2015-10-28,3.620017059679138
2015-10-29,2.9872560540859654
2015-10-30,4.412825288520052
2015-10-31,-4.313792247126918
2015-11-01,3.522899562797236
2015-11-02,10.425089733390326
2015-11-03,11.056939286686603
2015-11-04,1.9991331284302656
2015-11-05,-6.320802060226931
2015-11-06,-3.124236154384214
2015-11-07,3.1573585048101926
2015-11-08,-3.452072206175437
2015-11-09,1.828275054987659
2015-11-10,-12.130161493200712
2015-11-11,-7.948267475756071
2015-11-12,8.343250231798256
2015-11-13,-0.4145825976570227
2015-11-14,-1.148951093765005
2015-11-15,-3.902062067538069
2015-11-16,3.2526283053829306
2015-11-17,1.3045224166090357
2015-11-18,-0.15051812647567858
2015-11-19,-2.5551598987975046
2015-11-20,-1.2734415693713075
2015-11-21,1.5117034311317483
2015-11-22,-0.734040736066012
2015-11-23,-0.4601806040729209
2015-11-24,-0.9329992771021056
2015-11-25,2.517673649736122
2015-11-26,7.193100419943861
2015-11-27,1.5077831251610263
2015-11-28,-0.18478030727119413
2015-11-29,3.8191745646293893
2015-11-30,1.6102103514945905
2015-12-01,-4.0104933740255335
2015-12-02,-0.9148211621262081
2015-12-03,0.5162169451390206
2015-12-04,0.5901531467588603
2015-12-05,6.854136502537268
2015-12-06,-0.04269224582968289
2015-12-07,1.722051389587518
2015-12-08,4.939236490664416
2015-12-09,0.48012038951829805
2015-12-10,-0.5003322142095781
2015-12-11,8.411289544844237
2015-12-12,-3.820582051168074
2015-12-13,-0.28592860113268426
2015-12-14,2.375453391274045
2015-12-15,4.649311721861539
2015-12-16,-2.257518840554739
2015-12-17,0.2511521386752171
2015-12-18,1.6392763646442192
2015-12-19,-0.2795019118873129
2015-12-20,-4.340314781103667
2015-12-21,-0.9181682084783822
2015-12-22,-0.47234791339807164
2015-12-23,1.326342337126095
2015-12-24,2.8047706368313605
2015-12-25,0.14671689620479367
2015-12-26,-8.79885393752486
2015-12-27,1.321059837446073
2015-12-28,-0.1287433775797595
2015-12-29,2.503225684419087
2015-12-30,-1.4804794390454037
2015-12-31,0.920923660459228
2016-01-01,0.8710945240361669
2016-01-02,-0.20651206226820715
2016-01-03,-0.7937979079086462
2016-01-04,0.7137117514959161
2016-01-05,-0.2614903893657163
2016-01-06,-0.6631301754831982
2016-01-07,6.5272321349187425
2016-01-08,-1.0574244034119464
2016-01-09,-1.247521240174363
2016-01-10,0.08486021915259452
2016-01-11,0.09750167059737574
2016-01-12,-2.881716674744527
2016-01-13,-0.7646965823602455
2016-01-14,-0.47874381276169387
2016-01-15,-16.64338052665779
2016-01-16,6.174599774960439
2016-01-17,-1.3605721094879837
2016-01-18,1.2655651139036144
2016-01-19,-1.8295459016985836
2016-01-20,10.023896012970848
2016-01-21,-2.4006242647881866
2016-01-22,-7.0088214427766875
2016-01-23,1.298486628222283
2016-01-24,3.91720038719819
2016-01-25,-2.830197020496661
2016-01-26,0.10894589086656063
2016-01-27,0.7162729626808594
2016-01-28,-3.7883344154560814
2016-01-29,-0.21454131182751948
2016-01-30,-0.32174964557383173
2016-01-31,-2.5403580608563368
2016-02-01,1.1563538116676308
2016-02-02,0.3724394529405348
2016-02-03,-1.2087764139591044
2016-02-04,5.173998404095497
2016-02-05,-0.784648837057859
2016-02-06,-2.628218093177347
2016-02-07,0.026022169560233628
2016-02-08,-0.8460639214485643
2016-02-09,0.6890176622256211
2016-02-10,1.4835057495084154
2016-02-11,-0.524101373583598
2016-02-12,1.2066925497951821
2016-02-13,1.957738050316591
2016-02-14,3.8473567610243378
2016-02-15,-1.7451229283921166
2016-02-16,1.8084566484096332
2016-02-17,2.1447477040665732
2016-02-18,1.4429798757375454
2016-02-19,-0.3766753265904786
2016-02-20,3.818639098201341
2016-02-21,0.3730765878716895
2016-02-22,-0.2395809974121328
2016-02-23,-3.9637829376651776
2016-02-24,0.9977708754209761
2016-02-25,-0.09675826813181336
2016-02-26,1.7761730167476384
2016-02-27,0.08488879767351332
2016-02-28,0.2274733499287574
2016-02-29,0.9625851196027416
2016-03-01,-0.589815232792952
2016-03-02,-2.59211734527871
2016-03-03,-0.5529583775894621
2016-03-04,-2.5733186267470747
2016-03-05,-2.555622265816387
2016-03-06,1.7660229918133066
2016-03-07,1.6092289510488238
2016-03-08,-0.08427683488394547
2016-03-09,0.21427764853749529
2016-03-10,0.5459271215821551
2016-03-11,1.0870102896019171
2016-03-12,-2.416015862295175
2016-03-13,0.5912678130918387
2016-03-14,0.5714590613499699
2016-03-15,0.09408697604203162
2016-03-16,0.04341349599853973
2016-03-17,0.861962835702918
2016-03-18,-2.6678073244245377
2016-03-19,0.21853785050233882
2016-03-20,0.8034521831448932
2016-03-21,-0.10833482479985394
2016-03-22,1.1503628063921654
2016-03-23,-0.011482461319438798
2016-03-24,-0.39475208968670705
2016-03-25,0.18786395368977987
2016-03-26,0.18392655901030663
2016-03-27,2.0883682321595693
2016-03-28,-0.5955455919149955
2016-03-29,-1.8353233713112649
2016-03-30,-0.4089783762667111
2016-03-31,0.4601068441725693
2016-04-01,0.29495739086860767
2016-04-02,0.6945378098913718
2016-04-03,0.007366763457885623
2016-04-04,0.12821509021542582
2016-04-05,0.611729420992552
2016-04-06,-0.14561557733853048
2016-04-07,-0.15788999563638598
2016-04-08,-0.5683832552027873
2016-04-09,-0.22339446042406735
2016-04-10,0.5120221902404435
2016-04-11,0.21776197629015653
2016-04-12,0.63869202424251
2016-04-13,-0.34302129771986134
2016-04-14,0.1292438380009947
2016-04-15,1.271921454071168
2016-04-16,0.1996962758353169
2016-04-17,-0.7396563983103545
2016-04-18,0.27851198861912063
2016-04-19,1.6012375952933053
2016-04-20,1.3411121805216768
2016-04-21,1.804237081908121
2016-04-22,-0.823986987830282
2016-04-23,1.0144991001068508
2016-04-24,1.8206143015635057
2016-04-25,0.6241458369899247
2016-04-26,1.0054896687550094
2016-04-27,-4.700588971564477
2016-04-28,0.9676665628468313
2016-04-29,1.346319390292329
2016-04-30,-1.5007762991123526
2016-05-01,0.7902806121518366
2016-05-02,-1.6075393468011405
2016-05-03,1.2592678802026256
2016-05-04,-0.7986434929728472
2016-05-05,0.28032456633386416
2016-05-06,2.562337748220021
2016-05-07,-0.23242375185406017
2016-05-08,0.00261555277576704
2016-05-09,0.42109578579271323
2016-05-10,-2.104147026328974
2016-05-11,0.4057024567579209
2016-05-12,0.4491484985559609
2016-05-13,0.1985911166300505
2016-05-14,0.0002143133023365203
2016-05-15,0.4154456691545624
2016-05-16,-0.7469340532431954
2016-05-17,-0.08370650055065897
2016-05-18,0.18405921427778832
2016-05-19,-3.5609688044568584
2016-05-20,0.8988122730631124
2016-05-21,0.11559189106849438
2016-05-22,-0.8759131625917297
2016-05-23,1.0938696675652637
2016-05-24,0.41027244351042474
2016-05-25,0.80797499085015
2016-05-26,0.838338224035434
2016-05-27,4.333640303418643
2016-05-28,11.28765764615354
2016-05-29,-0.7208408249862471
2016-05-30,1.4397124792801783
2016-05-31,-0.46524887371504586
2016-06-01,1.0360414042520567
2016-06-02,0.19574102710910157
2016-06-03,5.641478580218466
2016-06-04,0.6187873623703142
2016-06-05,0.39208766767256586
2016-06-06,1.8199331047312053
2016-06-07,-1.5385797185729206
2016-06-08,0.8716773544990978
2016-06-09,-1.2133965657505164
2016-06-10,0.4930078348693751
2016-06-11,4.942247784544362
2016-06-12,10.33454019758418
2016-06-13,4.588794913443161
2016-06-14,-2.707767672920061
2016-06-15,1.2912921843862117
2016-06-16,9.843663970118602
2016-06-17,-2.296667978803112
2016-06-18,0.9724105855091677
2016-06-19,0.993952443153728
2016-06-20,-3.5386594891379817
2016-06-21,-10.062637470045903
2016-06-22,-11.183281125116833
2016-06-23,4.567816659395928
2016-06-24,6.412308826311645
2016-06-25,-0.02646158768267041
2016-06-26,-5.5257405317238755
2016-06-27,4.034047275833967
2016-06-28,-1.2707228240071164
2016-06-29,-1.105149439629652
2016-06-30,5.0949600799755235
2016-07-01,0.4384970078765935
2016-07-02,3.972412820578125
2016-07-03,-6.614146528546335
2016-07-04,3.725008160035872
2016-07-05,-1.925050808487774
2016-07-06,0.9946948982912429
2016-07-07,-5.581413144886587
2016-07-08,3.9728728712684167
2016-07-09,-2.3626432892050375
2016-07-10,-0.2460990247984299
2016-07-11,-0.26229218977028496
2016-07-12,2.5747344854117724
2016-07-13,-1.5288944121917827
2016-07-14,0.5500751056055477
2016-07-15,0.7836069201630321
2016-07-16,-0.375821389567808
2016-07-17,2.789554519918658
2016-07-18,-0.9394022492954114
2016-07-19,-0.03595984924367189
2016-07-20,-1.072666729204274
2016-07-21,-0.10114604291151619
2016-07-22,-2.1880875640585202
2016-07-23,0.7559530760042644
2016-07-24,0.8701094514186489
2016-07-25,-1.09292358568565
2016-07-26,-0.35424219096129755
2016-07-27,0.39322038437801
2016-07-28,0.10432110288771566
2016-07-29,0.2983220215594417
2016-07-30,-0.29648642255801294
2016-07-31,-4.746581641342204
2016-08-01,-2.991248274860515
2016-08-02,-10.203010339079038
2016-08-03,3.3922473824015205
2016-08-04,2.0852690662256745
2016-08-05,-0.5628873840730598
2016-08-06,2.190447893396618
2016-08-07,0.8322149488365755
2016-08-08,-0.2764089776312475
2016-08-09,-0.5518912614127954
2016-08-10,0.7292153979075189
2016-08-11,-0.5050762660932431
2016-08-12,-0.26531875140320327
2016-08-13,-0.3360209928904319
2016-08-14,-2.6150611665026298
2016-08-15,-0.5683403271326991
2016-08-16,1.7820376550905883
2016-08-17,-0.734023893252839
2016-08-18,0.19206229848127068
2016-08-19,0.22818636847428364
2016-08-20,1.0484628874761412
2016-08-21,-0.06690222291649346
2016-08-22,0.932322350619505
2016-08-23,-0.5705201028606711
2016-08-24,-0.555687158466975
2016-08-25,-0.4181594516967547
2016-08-26,0.32659352920632906
2016-08-27,-1.6882788233942674
2016-08-28,0.6932640596471534
2016-08-29,0.03397284002497648
2016-08-30,0.5897840381638801
2016-08-31,-0.35230737927989375
2016-09-01,-0.5522013463223132
2016-09-02,0.5634962090118573
2016-09-03,3.8641668590062372
2016-09-04,1.7271891548303744
2016-09-05,-0.3363902032143534
2016-09-06,0.6320259493133727
2016-09-07,0.6707126144461528
2016-09-08,1.897446284342963
2016-09-09,-0.5531585770423569
2016-09-10,0.10397382473276813
2016-09-11,-2.7297413260301933
2016-09-12,0.2508700102422344
2016-09-13,0.16395239549115223
2016-09-14,0.23657090055393984
2016-09-15,-0.579551390802684
2016-09-16,-0.02998148952037711
2016-09-17,-0.1630748436377438
2016-09-18,0.6398819300182159
2016-09-19,-0.10614932563648424
2016-09-20,-0.15029961233066264
2016-09-21,-1.8521286090436524
2016-09-22,-0.1426143525493674
2016-09-23,1.0914608078408126
2016-09-24,-0.035999324148317725
2016-09-25,-0.29897562714503567
2016-09-26,1.1940295680517947
2016-09-27,-0.3091750407291248
2016-09-28,-0.23750863514084875
2016-09-29,0.1594430381482155
2016-09-30,0.6651166765530886
2016-10-01,0.6942781023424133
2016-10-02,-0.5046962251341239
2016-10-03,0.2029340688839957
2016-10-04,-0.3156278103337991
2016-10-05,0.37735852395111974
2016-10-06,0.08323076058103857
2016-10-07,0.6665882271895579
2016-10-08,0.3214616894831762
2016-10-09,-0.38126647243284767
2016-10-10,0.3628588391386242
2016-10-11,3.5046199059068037
2016-10-12,-0.7641377949793359
2016-10-13,0.09332355641282225
2016-10-14,0.562494628286425
2016-10-15,-0.27083083748717296
2016-10-16,0.46630390340613753
2016-10-17,-0.3806910666839414
2016-10-18,-0.19308126118640864
2016-10-19,-1.1730713161854736
2016-10-20,0.053429720359539766
2016-10-21,0.31194639533134627
2016-10-22,3.7932748741517317
2016-10-23,-0.033936153919938795
2016-10-24,-0.5050234765233422
2016-10-25,0.583679437741284
2016-10-26,3.101697407941272
2016-10-27,1.4648070528238746
2016-10-28,0.19420146335618083
2016-10-29,3.5367937275241257
2016-10-30,-1.7813938679665753
2016-10-31,-0.1271750838661287
2016-11-01,4.0293051396261435
2016-11-02,1.5008828651200041
2016-11-03,-7.296402147635615
2016-11-04,2.0885316495602284
2016-11-05,0.026025527640044493
2016-11-06,1.1454947164834677
2016-11-07,-1.1863106911188162
2016-11-08,0.9507701949810892
2016-11-09,1.8735864175560886
2016-11-10,-1.0757646118391773
2016-11-11,0.12249273056294976
2016-11-12,-1.5979621136042625
2016-11-13,-0.4296847536326436
2016-11-14,0.4250013120779194
2016-11-15,0.931509784055172
2016-11-16,4.476444393221426
2016-11-17,-0.43375539951302405
2016-11-18,1.4214767311386753
2016-11-19,0.004125311033206099
2016-11-20,-2.777656409281962
2016-11-21,1.1184405960807617
2016-11-22,1.6234141375310434
2016-11-23,-0.9028479985516569
2016-11-24,-0.5798443042807149
2016-11-25,0.18354151713557892
2016-11-26,-0.848594966017769
2016-11-27,-0.45618276477187475
2016-11-28,0.5147704093007551
2016-11-29,-0.02840586693164628
2016-11-30,1.3619341360082255
2016-12-01,1.4753367423404078
2016-12-02,2.758985869159421
2016-12-03,-0.8765074276257324
2016-12-04,0.3517068262671588
2016-12-05,-1.9800038791605978
2016-12-06,0.7254480199637271
2016-12-07,0.5100679537056672
2016-12-08,0.34802886525932436
2016-12-09,0.257062028419703
2016-12-10,0.2398818851631832
2016-12-11,-0.6370219326260214
2016-12-12,1.3364293370413103
2016-12-13,0.06011050423324342
2016-12-14,0.11843354190241068
2016-12-15,-0.4351215826299784
2016-12-16,0.8725572393616902
2016-12-17,0.751651938548553
2016-12-18,-0.037809276351838596
2016-12-19,0.27588436407261546
2016-12-20,1.024361203381242
2016-12-21,4.0864183761443895
2016-12-22,3.5627265068141116
2016-12-23,6.433033120214711
2016-12-24,-2.5442838364633316
2016-12-25,-0.2940426327736014
2016-12-26,1.267014010780477
2016-12-27,2.780264011368243
2016-12-28,4.476426663918246
2016-12-29,-0.24869088545918572
2016-12-30,-1.267274056710545
2016-12-31,0.2602629691136565
2017-01-01,3.5254245031351177
2017-01-02,2.31932356156819
2017-01-03,2.1389344804024595
2017-01-04,10.096034523200412
2017-01-05,-13.057525035872574
2017-01-06,-11.620924119418037
2017-01-07,0.70511475300856
2017-01-08,0.2872818355796807
2017-01-09,-0.9229224484764056
2017-01-10,0.535874729134898
2017-01-11,-15.4476649076822
2017-01-12,3.4221865016894353
2017-01-13,2.35150973517181
2017-01-14,-0.6785261137378217
2017-01-15,0.412872890504259
2017-01-16,1.177759296504923
2017-01-17,8.790389778017534
2017-01-18,-2.3761878519635897
2017-01-19,1.3950027432390346
2017-01-20,-0.45114611140770305
2017-01-21,2.9463579406780673
2017-01-22,0.3123784353016695
2017-01-23,-0.39670415190355535
2017-01-24,-3.1237062820323516
2017-01-25,0.987059326696027
2017-01-26,1.7639684998950036
2017-01-27,0.23555870752018565
2017-01-28,0.19985743437936854
2017-01-29,-0.2274805283906238
2017-01-30,0.09631589010205875
2017-01-31,5.292264278631014
2017-02-01,1.9006132801864053
2017-02-02,2.2768592259201457
2017-02-03,1.774054215906327
2017-02-04,1.2533864584718972
2017-02-05,-1.5032413323470606
2017-02-06,1.0467402259395613
2017-02-07,2.2101353214739454
2017-02-08,0.16192383259246404
2017-02-09,-6.679373711864839
2017-02-10,-0.5757777136341599
2017-02-11,1.5830756402559893
2017-02-12,-0.5259445444450774
2017-02-13,-0.8582726834247428
2017-02-14,1.3941699990017324
2017-02-15,0.29124762485075645
2017-02-16,1.9618070354985555
2017-02-17,1.8103858479592574
2017-02-18,0.7816821423608264
2017-02-19,-0.6231366653728313
2017-02-20,3.0182976618057347
2017-02-21,3.2180966437299916
2017-02-22,0.19168315546742576
2017-02-23,4.315606560435863
2017-02-24,0.5947789654449995
2017-02-25,-2.575316445722113
2017-02-26,1.850171104290626
2017-02-27,1.259628539929764
2017-02-28,0.0
2017-03-01,3.5408952769810416
2017-03-02,2.3053290497243877
2017-03-03,1.8987094918869203
2017-03-04,-1.5683220977968795
2017-03-05,0.9491498113520539
2017-03-06,0.449612840115088
2017-03-07,-3.9494404934135225
2017-03-08,-6.198638601041199
2017-03-09,3.2921643223535657
2017-03-10,-6.228779461108347
2017-03-11,5.157845284233941
2017-03-12,3.800712718862541
2017-03-13,0.8592592591656786
2017-03-14,0.6537416006712844
2017-03-15,0.7720111292730697
2017-03-16,-5.072016609052072
2017-03-17,-7.659209371416738
2017-03-18,-12.20500892407302
2017-03-19,6.261202328713968
2017-03-20,1.6729458954285712
2017-03-21,6.100012272536563
2017-03-22,-6.583995192109933
2017-03-23,-1.0106803783773715
2017-03-24,-10.238115832507738
2017-03-25,3.6918803491548364
2017-03-26,-0.6242870215820764
2017-03-27,7.859470878677611
2017-03-28,0.13187365535516804
2017-03-29,-0.6880373004662187
2017-03-30,-1.3105023821427682
2017-03-31,4.324336979116226
2017-04-01,0.8093712582577178
2017-04-02,1.9857106712706094
2017-04-03,3.708384279737139
2017-04-04,-0.9275235636059311
2017-04-05,-0.7502123814714591
2017-04-06,5.019560806332238
2017-04-07,-0.489921144156862
2017-04-08,-0.08075936023825
2017-04-09,1.0085493189348422
2017-04-10,-0.06231496912175624
2017-04-11,1.4949240225947287
2017-04-12,-0.38580352329780726
2017-04-13,-2.6241638711645643
2017-04-14,-0.1489195149852973
2017-04-15,0.4256290746533749
2017-04-16,0.8847520245841665
2017-04-17,0.9230848207914503
2017-04-18,1.4765945740239381
2017-04-19,-0.11395770242772431
2017-04-20,1.5405853693441087
2017-04-21,-0.5736069884235737
2017-04-22,0.7873599679878616
2017-04-23,-2.0091536367346583
2017-04-24,3.495168393262307
2017-04-25,1.2195827596242195
2017-04-26,1.224404663132697
2017-04-27,2.8207106559154282
2017-04-28,-0.09490512239789706
2017-04-29,0.4025414930823013
2017-04-30,1.9553509516993917
2017-05-01,5.324256303039975
2017-05-02,2.1723477635178665
2017-05-03,2.5330039559928563
2017-05-04,3.143181439131002
2017-05-05,1.149654917107177
2017-05-06,1.490023429177776
2017-05-07,1.1280142062885479
2017-05-08,7.6324819021910075
2017-05-09,1.8403898923351596
2017-05-10,1.7937028143164848
2017-05-11,3.380135427898459
2017-05-12,-6.962597013852297
2017-05-13,4.572437995723871
2017-05-14,0.22137248439940133
2017-05-15,-3.9742034871472236
2017-05-16,-0.2292105846447192
2017-05-17,5.858053337167216
2017-05-18,2.6591435579729534
2017-05-19,5.112090162962312
2017-05-20,4.76561384037526
2017-05-21,-2.110149480738968
2017-05-22,6.275487042773905
2017-05-23,6.545545339360418
2017-05-24,5.174051688319059
2017-05-25,-5.841669584304932
2017-05-26,-4.551527081265308
2017-05-27,-7.716098991381968
2017-05-28,5.576617659363846
2017-05-29,4.525858696050754
2017-05-30,-3.6175774292303258
2017-05-31,4.973814374809657
2017-06-01,5.1763780218103985
2017-06-02,3.29535875114417
2017-06-03,1.0711766542318386
2017-06-04,-0.14083655732494782
2017-06-05,6.735100598126734
2017-06-06,6.358522530476088
2017-06-07,-4.684739043749976
2017-06-08,2.6532117208718433
2017-06-09,0.6462467476989902
2017-06-10,4.294152679478317
2017-06-11,0.35220027412663424
2017-06-12,-10.636361588756964
2017-06-13,2.134872735291556
2017-06-14,-8.07001606839589
2017-06-15,-1.68140987006463
2017-06-16,2.166589360816841
2017-06-17,5.308867285766575
2017-06-18,-4.135344442773451
2017-06-19,1.6080900021749298
2017-06-20,4.978630510902381
2017-06-21,-1.208316499309367
2017-06-22,0.6046838033450255
2017-06-23,1.449481602903642
2017-06-24,-5.088858716688844
2017-06-25,-0.7429651761239913
2017-06-26,-4.379667150922624
2017-06-27,2.9420318014430347
2017-06-28,0.8714329466792743
2017-06-29,-1.3871636990232392
2017-06-30,-2.3299107639985044
2017-07-01,-1.883529334869347
2017-07-02,2.91134224961723
2017-07-03,2.271658549222151
2017-07-04,1.4550011544242314
2017-07-05,0.013455901540363517
2017-07-06,0.25218342707583996
2017-07-07,-3.5071388234270806
2017-07-08,2.070021881530923
2017-07-09,-2.078755903474558
2017-07-10,-5.967007329199812
2017-07-11,-1.476351029164194
2017-07-12,2.5779268450499977
2017-07-13,-1.7213972837918483
2017-07-14,-5.427308882536821
2017-07-15,-11.092125143308323
2017-07-16,-3.5150304233180267
2017-07-17,14.38615807515655
2017-07-18,3.9795972717640424
2017-07-19,-1.9794585747284255
2017-07-20,21.459581921064387
2017-07-21,-5.46463207738759
2017-07-22,5.198805611682579
2017-07-23,-2.877914591804734
2017-07-24,0.8918580766257985
2017-07-25,-6.694254490338364
2017-07-26,-1.8422250208638884
2017-07-27,5.4743059422305205
2017-07-28,5.008718365744533
2017-07-29,-2.9831732800538293
2017-07-30,1.120801469662751
2017-07-31,4.19625652194951
2017-08-01,-5.617898537460666
2017-08-02,-0.27961653333089953
2017-08-03,3.411146270777818
2017-08-04,3.1985182588555547
2017-08-05,11.625750003820045
2017-08-06,-1.205237273640462
2017-08-07,5.0064452917007385
2017-08-08,1.206095642712161
2017-08-09,-2.2912944057223776
2017-08-10,1.1544298825368857
2017-08-11,7.6642703587583485
2017-08-12,6.215127661963782
2017-08-13,4.739533913409287
2017-08-14,5.9998506603570085
2017-08-15,-3.3669266143825447
2017-08-16,4.55060905777128
2017-08-17,-1.0321242503651034
2017-08-18,-4.029362277580252
2017-08-19,0.7919315940433566
2017-08-20,-2.5610788049179205
2017-08-21,-2.1243393592236
2017-08-22,2.4384535605044046
2017-08-23,1.2360737249258058
2017-08-24,4.317329334896507
2017-08-25,0.8481266861428458
2017-08-26,-0.44017025017839123
2017-08-27,0.6978621159059976
2017-08-28,-0.005013417577619334
2017-08-29,4.382912405601541
2017-08-30,-0.30008191758980585
2017-08-31,2.9799367864147075
2017-09-01,3.931965968186678
2017-09-02,-6.617280669547498
2017-09-03,0.09146616866667978
2017-09-04,-7.865244791780196
2017-09-05,3.2563502729336564
2017-09-06,4.917392208622048
2017-09-07,0.06001447663004128
2017-09-08,-8.412374960926737
2017-09-09,-0.06363103318393092
2017-09-10,-2.470364388401857
2017-09-11,0.9253833940325927
2017-09-12,-0.7346793001922601
2017-09-13,-6.197104848606778
2017-09-14,-20.75298468188717
2017-09-15,14.23295036032813
2017-09-16,-0.34368026294082754
2017-09-17,-1.1698419937503097
2017-09-18,12.6296016703469
2017-09-19,-3.51042298413958
2017-09-20,-0.4857681376487073
2017-09-21,-7.298189967391884
2017-09-22,-0.009366567553529895
2017-09-23,4.357358460826324
2017-09-24,-2.9314820772494086
2017-09-25,6.395472542058253
2017-09-26,-0.8625829531936302
2017-09-27,7.6230904350748085
2017-09-28,-0.6194336903600101
2017-09-29,-0.27969402299086343
2017-09-30,4.132431925839092
2017-10-01,1.4877173197663998
2017-10-02,0.12662095917030136
2017-10-03,-2.10485484984609
2017-10-04,-2.062124514520548
2017-10-05,2.31496560852785
2017-10-06,0.9748054894297626
2017-10-07,1.2748976770246745
2017-10-08,4.063463202861561
2017-10-09,3.4437730607517594
2017-10-10,0.20871274361351166
2017-10-11,0.9260592591038536
2017-10-12,12.093108463263826
2017-10-13,3.611310687508494
2017-10-14,3.216238155630449
2017-10-15,-2.6691482867168537
2017-10-16,0.8313063950489405
2017-10-17,-2.1195572848553823
2017-10-18,-0.2647296986752327
2017-10-19,2.0857095323062205
2017-10-20,5.17062173997819
2017-10-21,0.33463152036217036
2017-10-22,-0.38505258934469067
2017-10-23,-1.3083660993739221
2017-10-24,-7.049808413802778
2017-10-25,3.9758880928574096
2017-10-26,2.6431731700242787
2017-10-27,-2.121131029138602
2017-10-28,-0.4822288401198703
2017-10-29,6.734084346998825
2017-10-30,-0.3796746882877619
2017-10-31,5.364759642581373
2017-11-01,4.517490778615678
2017-11-02,4.495834544204169
2017-11-03,1.8096170044845903
2017-11-04,2.3608699089706
2017-11-05,0.37139816504218615
2017-11-06,-5.3324601848219855
2017-11-07,1.7169747457020565
2017-11-08,4.318783329154679
2017-11-09,-4.329978834888477
2017-11-10,-7.639967782768012
2017-11-11,-4.016342135678609
2017-11-12,-6.62480083528882
2017-11-13,9.75099371105213
2017-11-14,1.155880655935634
2017-11-15,9.752915968167002
2017-11-16,7.327191344658618
2017-11-17,-2.088556075564038
2017-11-18,1.0472891923132355
2017-11-19,3.1132347250235384
2017-11-20,2.0219707267558866
2017-11-21,-1.5902582249898551
2017-11-22,2.233381227401497
2017-11-23,-2.6367298316563947
2017-11-24,2.638433629480957
2017-11-25,6.305893658721441
2017-11-26,5.957458008958222
2017-11-27,5.095910220949361
2017-11-28,2.4194809821774186
2017-11-29,-1.7064228542038877
2017-11-30,3.429276074330862
2017-12-01,6.999820553385039
2017-12-02,0.8979571044842705
2017-12-03,2.2199572962955285
2017-12-04,2.9070296029922784
2017-12-05,2.2016762442421918
2017-12-06,18.172416088180857
2017-12-07,22.511895434132782
2017-12-08,-7.722626494389065
2017-12-09,-8.769744361032222
2017-12-10,1.809828138568269
2017-12-11,9.153033338474723
2017-12-12,2.7866079189228037
2017-12-13,-5.957373243077356
2017-12-14,0.9450503424906668
2017-12-15,6.672275050137494
2017-12-16,9.632672719671541
2017-12-17,-1.845892013095586
2017-12-18,-0.13907497993828458
2017-12-19,-7.254290633921228
2017-12-20,-6.700506450657446
2017-12-21,-5.069001039219793
2017-12-22,-13.32232172821606
2017-12-23,6.082280889142556
2017-12-24,-5.404986305608948
2017-12-25,0.7212278283202518
2017-12-26,13.78513383721832
2017-12-27,-1.6363152489107036
2017-12-28,-8.097704981335378
2017-12-29,0.33968323339576667
2017-12-30,-12.359779448691187
2017-12-31,8.890117328095243
2018-01-01,-3.5899976852414297
2018-01-02,9.25892597121414
2018-01-03,1.4505086054969112
2018-01-04,2.585842824803167
2018-01-05,11.094452953729485
2018-01-06,0.5578376143830053
2018-01-07,-6.174068998933403
2018-01-08,-8.267549955484522
2018-01-09,-3.861992220665626
2018-01-10,2.5562164635524227
2018-01-11,-11.058116741362262
2018-01-12,4.198319183702074
2018-01-13,2.678987830152579
2018-01-14,-4.182295922437422
2018-01-15,0.34647868456980163
2018-01-16,-18.458172530715174
2018-01-17,-2.662523913776235
2018-01-18,2.526670747631574
2018-01-19,1.1480784055017625
2018-01-20,10.552244967375776
2018-01-21,-10.615162399161541
2018-01-22,-5.937426753876515
2018-01-23,-0.5779885423653502
2018-01-24,4.418609725643604
2018-01-25,-0.8842259367552612
2018-01-26,-0.7846394102556208
2018-01-27,2.382021404816243
2018-01-28,2.976063348641126
2018-01-29,-4.245369798060674
2018-01-30,-11.132515302966894
2018-01-31,1.1295200421318583
2018-02-01,-10.845799638872773
2018-02-02,-3.7756227750124682
2018-02-03,3.8232652937147624
2018-02-04,-10.299083790500331
2018-02-05,-17.39821153312485
2018-02-06,10.870919082663184
2018-02-07,-1.7261906053983649
2018-02-08,8.115416198669994
2018-02-09,5.546355066788704
2018-02-10,-1.325912252258795
2018-02-11,-5.874826338459948
2018-02-12,9.347499762512804
2018-02-13,-3.746663522015054
2018-02-14,9.916074093751739
2018-02-15,6.836184023155013
2018-02-16,0.6617573638271057
2018-02-17,8.238283884948888
2018-02-18,-5.179217303128765
2018-02-19,6.187369895710683
2018-02-20,1.5767739342639062
2018-02-21,-6.459170224791023
2018-02-22,-6.6261210988809385
2018-02-23,2.916567969339066
2018-02-24,-4.853544529041341
2018-02-25,-1.523197751850677
2018-02-26,7.011553986619886
2018-02-27,3.40346060989737
2018-02-28,-3.1029470636463943
2018-03-01,5.182687604474616
2018-03-02,1.2288390831968734
2018-03-03,3.5731831732556367
2018-03-04,0.19910549659772955
2018-03-05,0.5258650235306609
2018-03-06,-7.101737882303372
2018-03-07,-7.85471416488412
2018-03-08,-5.895751127349285
2018-03-09,-0.6134788034011314
2018-03-10,-5.182014795719041
2018-03-11,7.731082693622341
2018-03-12,-3.9774699535065796
2018-03-13,-0.11163614975213595
2018-03-14,-10.603202002040293
2018-03-15,0.3747684039219661
2018-03-16,0.45061419786664897
2018-03-17,-5.186813420832641
2018-03-18,3.802058543426426
2018-03-19,4.830210672516692
2018-03-20,3.224371887087316
2018-03-21,0.17722101148143987
2018-03-22,-2.2745729727735498
2018-03-23,1.7168711059965365
2018-03-24,-2.410683537135471
2018-03-25,-2.0082339310845443
2018-03-26,-3.4289715042204683
2018-03-27,-4.692919680936608
2018-03-28,1.5384599545304771
2018-03-29,-10.442950860100437
2018-03-30,-3.9159224193187745
2018-03-31,1.197496528897845
2018-04-01,-1.8715563309412864
2018-04-02,3.4404500623485927
2018-04-03,5.122335284347745
2018-04-04,-8.422475580705479
2018-04-05,-0.6201068910304802
2018-04-06,-2.6050420941338084
2018-04-07,4.0569778635102285
2018-04-08,1.61371745154427
2018-04-09,-3.665561276645477
2018-04-10,0.9412414998555811
2018-04-11,1.9352815614150316
2018-04-12,12.412693581038273
2018-04-13,0.08501580097129827
2018-04-14,1.136885881377853
2018-04-15,4.203655981360764
2018-04-16,-3.3008129141439193
2018-04-17,-1.962125912828721
2018-04-18,3.253592757494634
2018-04-19,1.5906496489625956
2018-04-20,6.437648463049019
2018-04-21,0.5608362578138261
2018-04-22,-1.0523309510453864
2018-04-23,1.4483697709083163
2018-04-24,8.23531991874261
2018-04-25,-9.193210663750346
2018-04-26,4.808821013231678
2018-04-27,-3.2239593306843903
2018-04-28,3.9429182862139407
2018-04-29,0.7523614187495629
2018-04-30,-1.9136041014403198
2018-05-01,-1.324016669459219
2018-05-02,1.273900137698289
2018-05-03,5.353715789106724
2018-05-04,-0.44331703335629735
2018-05-05,1.6094355065083252
2018-05-06,-2.0843383079432267
2018-05-07,-2.962092312799005
2018-05-08,-1.4853101418770562
2018-05-09,0.9737078547251641
2018-05-10,-3.062326710905233
2018-05-11,-6.8936106596699505
2018-05-12,0.7482389783710854
2018-05-13,2.5429769131291065
2018-05-14,-0.08199646268759204
2018-05-15,-2.3964474196194034
2018-05-16,-1.6772482047846686
2018-05-17,-3.335153970564195
2018-05-18,1.9168176638719434
2018-05-19,-0.04594502127542603
2018-05-20,3.1752487481541385
2018-05-21,-1.1133876917273966
2018-05-22,-4.583947139821305
2018-05-23,-6.206765944472573
2018-05-24,0.3898282693889917
2018-05-25,-1.4229521588760126
2018-05-26,-1.6751549202161684
2018-05-27,0.16762090503006405
2018-05-28,-3.2025159738966815
2018-05-29,4.60906115800902
2018-05-30,-0.8880942351451794
2018-05-31,1.1764678499798074
2018-06-01,0.6289122618005123
2018-06-02,1.343460036267325
2018-06-03,0.9997649447416888
2018-06-04,-2.701622323891649
2018-06-05,1.5749961130953747
2018-06-06,0.2645286611436144
2018-06-07,0.31646133192780723
2018-06-08,-0.6968564365645907
2018-06-09,-1.2263867528105044
2018-06-10,-10.42933363808614
2018-06-11,1.7659179795872777
2018-06-12,-4.813047339938324
2018-06-13,-3.5954273506747967
2018-06-14,4.998260262806325
2018-06-15,-3.3321874056011453
2018-06-16,1.4389722742134217
2018-06-17,-0.7799634776661505
2018-06-18,3.5601191439461783
2018-06-19,0.5201158253766021
2018-06-20,0.09758784644155417
2018-06-21,-0.6931549314601128
2018-06-22,-10.092513460307668
2018-06-23,1.2867880610642048
2018-06-24,0.17429078270061016
2018-06-25,1.2228084684466036
2018-06-26,-2.519976861749212
2018-06-27,1.0360226200307545
2018-06-28,-4.207551892667362
2018-06-29,5.196130416250113
2018-06-30,2.94262690462982
2018-07-01,-0.2842915424254111
2018-07-02,3.513597605397694
2018-07-03,-1.2871725512867362
2018-07-04,1.0354208139776209
2018-07-05,0.6284119229603736
2018-07-06,0.5162002311365564
2018-07-07,2.711538540760051
2018-07-08,-1.2185823192757566
2018-07-09,-0.47544870074306594
2018-07-10,-6.302716705344926
2018-07-11,1.0178711879892066
2018-07-12,-2.6285767240593776
2018-07-13,0.14822895078412168
2018-07-14,0.6084371585678029
2018-07-15,1.3219819655417866
2018-07-16,5.8347741665214015
2018-07-17,8.243286458020968
2018-07-18,0.6771106197490973
2018-07-19,1.2951038487558253
2018-07-20,-1.5212500162381477
2018-07-21,0.882132629206077
2018-07-22,-0.010780651465853488
2018-07-23,3.868656433444906
2018-07-24,8.84546416030793
2018-07-25,-2.9254690417220934
2018-07-26,-2.84914186569742
2018-07-27,2.648726157352419
2018-07-28,0.3318503902614237
2018-07-29,0.320641247214717
2018-07-30,-0.4632012619252318
2018-07-31,-5.013794188199755
2018-08-01,-2.019234469295715
2018-08-02,-0.7604042111257378
2018-08-03,-1.7699946974245928
2018-08-04,-5.552450759252941
2018-08-05,0.5053418144037859
2018-08-06,-1.6644870348810328
2018-08-07,-2.89959530864015
2018-08-08,-6.853482384772068
2018-08-09,4.077457301356467
2018-08-10,-6.016427603596317
2018-08-11,1.7791511924364467
2018-08-12,0.4273118524736129
2018-08-13,-0.39809244546156664
2018-08-14,-1.5661306329478586
2018-08-15,1.7398593339543036
2018-08-16,0.41460856161689974
2018-08-17,3.8083278208336937
2018-08-18,-2.4126888066354906
2018-08-19,1.273198071380139
2018-08-20,-3.0832908467442786
2018-08-21,2.8168761359932257
2018-08-22,-1.7419128922693004
2018-08-23,2.450168206824125
2018-08-24,2.7928230011097384
2018-08-25,0.64124672521688
2018-08-26,-0.8304176683980409
2018-08-27,2.6102376198721546
2018-08-28,3.0277809712914814
2018-08-29,-0.6945951847084595
2018-08-30,-0.9829420799983126
2018-08-31,0.8469072019252825
2018-09-01,2.1878714118539455
2018-09-02,1.0987305122022542
2018-09-03,-0.17422900799939559
2018-09-04,1.3897370676709588
2018-09-05,-8.041781637747244
2018-09-06,-3.958783805725853
2018-09-07,-0.9556698168818017
2018-09-08,-3.7992262867389734
2018-09-09,1.1955253777374626
2018-09-10,0.4566762205364724
2018-09-11,-0.13437780737511057
2018-09-12,0.4829112103060521
2018-09-13,2.5723516554865875
2018-09-14,-0.07060768656483014
2018-09-15,0.46707260452189736
2018-09-16,-0.3984578276937406
2018-09-17,-3.688071788794455
2018-09-18,1.4242423616418178
2018-09-19,0.4266345706214488
2018-09-20,1.875390373168553
2018-09-21,3.2486665751885404
2018-09-22,-0.19276638417005945
2018-09-23,-0.16899322578373185
2018-09-24,-1.7318842593149884
2018-09-25,-2.284124873972531
2018-09-26,0.7499922625336217
2018-09-27,2.7598692087246657
2018-09-28,-0.48976017617436807
2018-09-29,-0.6367171722292316
2018-09-30,0.35683367196754706
2018-10-01,-0.543920393591315
2018-10-02,-0.5099772645630063
2018-10-03,-0.819539381745712
2018-10-04,1.1331035300968855
2018-10-05,0.6938348855324817
2018-10-06,-0.5173043848845555
2018-10-07,0.22196730938345952
2018-10-08,0.7435585416514066
2018-10-09,-0.1442638450571279
2018-10-10,-0.8634710127935695
2018-10-11,-5.129538214462405
2018-10-12,0.2927159816784983
2018-10-13,0.18168218647266393
2018-10-14,0.07855566385387347
2018-10-15,4.7436333605533125
2018-10-16,-0.006521446177784128
2018-10-17,-0.7865727557091541
2018-10-18,-1.0401673695689337
2018-10-19,-0.17462065653074937
2018-10-20,0.36712537146421764
2018-10-21,-0.10545924945415058
2018-10-22,0.07417487199009042
2018-10-23,-0.17619397642864928
2018-10-24,0.30990249977650625
2018-10-25,-0.30141263870881996
2018-10-26,-0.023782477161892503
2018-10-27,0.08691357350833927
2018-10-28,0.09270241282320825
2018-10-29,-2.399054347031316
2018-10-30,0.025896418864301635
2018-10-31,-0.26336269445917015
2018-11-01,0.9479090296346939
2018-11-02,0.16700572222643
2018-11-03,-0.42636638636379737
2018-11-04,0.23348777659298278
2018-11-05,0.6803869277641965
2018-11-06,0.6420434910365228
2018-11-07,1.0642787457474818
2018-11-08,-1.1771661474414798
2018-11-09,-1.06081363243139
2018-11-10,0.368900647570952
2018-11-11,0.03197700973196698
2018-11-12,-0.625855744520492
2018-11-13,-0.1850602522267611
2018-11-14,-10.277649273173681
2018-11-15,-1.5864955827275287
2018-11-16,-1.2915841594389046
2018-11-17,-0.38131143366994846
2018-11-18,1.2383547969032271
2018-11-19,-14.356147255391308
2018-11-20,-9.007563428611133
2018-11-21,3.3203655465095516
2018-11-22,-5.269441235931628
2018-11-23,-0.4322277012643036
2018-11-24,-11.348021178490733
2018-11-25,3.2752739428719044
2018-11-26,-5.928995928609545
2018-11-27,1.0945085463912743
2018-11-28,10.822444579237072
2018-11-29,0.5020181260204392
2018-11-30,-6.308129823555883
2018-12-01,4.796953376593715
2018-12-02,-1.7905439628711557
2018-12-03,-6.119579004793354
2018-12-04,1.5988811461090187
2018-12-05,-5.263875080027785
2018-12-06,-6.404661855090773
2018-12-07,-2.9151749215485623
2018-12-08,1.6293013151101776
2018-12-09,3.896482421444885
2018-12-10,-3.135850250725668
2018-12-11,-2.2540327664477524
2018-12-12,1.8046272769709704
2018-12-13,-5.096896140814731
2018-12-14,-2.1718554248833186
2018-12-15,-0.17666084928983056
2018-12-16,0.4954827235499686
2018-12-17,8.625387653959105
2018-12-18,4.148507479472932
2018-12-19,1.3408299801074757
2018-12-20,9.867679132172595
2018-12-21,-5.926230044008081
2018-12-22,2.974381467096963
2018-12-23,-0.3794359634900665
2018-12-24,1.971419201541739
2018-12-25,-6.668429052768687
2018-12-26,1.0897550330662953
2018-12-27,-5.39162995271533
2018-12-28,7.104028607292981
2018-12-29,-2.6733418957821233
2018-12-30,1.1850725299472749
2018-12-31,-3.240073596075585
2019-01-01,2.6581224952000384
2019-01-02,2.5657066653891034
2019-01-03,-2.7422321806192063
2019-01-04,0.5452331614920808
2019-01-05,-0.3251487248933267
2019-01-06,5.844708905490573
2019-01-07,-1.2684700557385666
2019-01-08,0.13901547706836323
2019-01-09,0.11030020343775215
2019-01-10,-9.245928249298151
2019-01-11,0.2291770109090111
2019-01-12,-0.709368493148744
2019-01-13,-3.0039431790895277
2019-01-14,4.2188101592944856
2019-01-15,-2.0548563372547957
2019-01-16,0.6679301401546422
2019-01-17,0.6424485580328478
2019-01-18,-0.5649816019732142
2019-01-19,1.9151709058738668
2019-01-20,-3.4808960768914647
2019-01-21,-0.6961443903655484
2019-01-22,0.7950530556470929
2019-01-23,-0.5411671839448025
2019-01-24,0.4381431105509742
2019-01-25,-0.030542026954499583
2019-01-26,0.07482631299659863
2019-01-27,-0.5147111803203804
2019-01-28,-3.2185563149149496
2019-01-29,-0.6456126661071389
2019-01-30,1.0978782970954
2019-01-31,-0.8176606850343018
2019-02-01,0.868238253365107
2019-02-02,0.9449478125773406
2019-02-03,-1.6334438234447555
2019-02-04,-0.14038013125416823
2019-02-05,0.20802425249583986
2019-02-06,-1.5287693750092952
2019-02-07,-0.41965833008430276
2019-02-08,7.569393609415692
2019-02-09,0.12056010064354034
2019-02-10,0.5157899926351539
2019-02-11,-1.1380348161982146
2019-02-12,0.13963105132088507
2019-02-13,-0.5890543660869042
2019-02-14,-0.4190873583172263
2019-02-15,0.10859628225890826
2019-02-16,0.2476157344838119
2019-02-17,1.2062263719124862
2019-02-18,6.3761381831788855
2019-02-19,0.7981955101910685
2019-02-20,1.3269765098495359
2019-02-21,-1.149189028232773
2019-02-22,1.2917451356471412
2019-02-23,3.363089286305142
2019-02-24,-8.356456820529345
2019-02-25,1.878844714597673
2019-02-26,-0.7325399279809829
2019-02-27,-0.0859279158257992
2019-02-28,0.09701838898456304
2019-03-01,0.12440007407169633
2019-03-02,0.12509840035555334
2019-03-03,-0.4471006548912776
2019-03-04,-2.250631409689688
2019-03-05,3.5213632013154124
2019-03-06,0.19403387629408417
2019-03-07,0.19299650258204676
2019-03-08,-0.2650274711291144
2019-03-09,1.581381071084786
2019-03-10,-0.2959950384815931
2019-03-11,-1.1804535394846043
2019-03-12,0.10055701480762823
2019-03-13,-0.062410552370009004
2019-03-14,0.45081574649020906
2019-03-15,0.9268473031698707
2019-03-16,2.1928138916455526
2019-03-17,-0.5820417128650456
2019-03-18,0.1806542680368885
2019-03-19,0.9547038273958657
2019-03-20,0.39923569462326736
2019-03-21,-1.4328401790338463
2019-03-22,-0.13307952232004977
2019-03-23,0.29425471310994833
2019-03-24,-0.3389978979623323
2019-03-25,-1.4801995775437589
2019-03-26,0.5538472822803469
2019-03-27,2.5269802161777664
2019-03-28,-0.44037841400318245
2019-03-29,0.7166825802505177
2019-03-30,0.20196495646784543
2019-03-31,-0.030585716708844995
2019-04-01,1.2773998435311014
2019-04-02,16.00419797683949
2019-04-03,1.8907492969508402
2019-04-04,-1.0150461847883017
2019-04-05,2.287012739131036
2019-04-06,0.4583028638013961
2019-04-07,2.711609014874644
2019-04-08,1.7328472526209033
2019-04-09,-1.6163226787921487
2019-04-10,2.271680293391717
2019-04-11,-5.007552528719147
2019-04-12,0.4934263167637184
2019-04-13,0.13837183556808683
2019-04-14,1.3861017615291638
2019-04-15,-1.966168568124654
2019-04-16,3.2703409546246744
2019-04-17,0.3123420280683767
2019-04-18,0.8805048106448882
2019-04-19,0.10237043606353381
2019-04-20,0.6403836037112387
2019-04-21,-0.4384923503637693
2019-04-22,1.5836583357513379
2019-04-23,3.1537678710242356
2019-04-24,-1.9479346575944603
2019-04-25,-4.766091040689623
2019-04-26,1.3123813423158956
2019-04-27,-0.20966081203074882
2019-04-28,0.31929256297156855
2019-04-29,-0.7175278992262232
2019-04-30,1.9508686623198812
2019-05-01,0.9665964737195984
2019-05-02,1.8809979754905393
2019-05-03,4.666729598003433
2019-05-04,1.084163602000144
2019-05-05,-0.6099505040041472
2019-05-06,-0.8473310560161601
2019-05-07,1.428706601857112
2019-05-08,2.5899955314045275
2019-05-09,3.1601133315537946
2019-05-10,3.2555119239469277
2019-05-11,12.175582015101313
2019-05-12,-3.2788090122214752
2019-05-13,11.407866972300376
2019-05-14,2.2709207625678487
2019-05-15,2.602089592487963
2019-05-16,-3.981349360704293
2019-05-17,-7.108127725881802
2019-05-18,-0.9946983850618235
2019-05-19,11.992989942799603
2019-05-20,-2.712584602869586
2019-05-21,-0.18795372127934415
2019-05-22,-3.62187635444826
2019-05-23,2.5934032858881366
2019-05-24,1.329951557921589
2019-05-25,0.8126317351095985
2019-05-26,7.425157599335799
2019-05-27,1.516849775512712
2019-05-28,-0.9793263049045299
2019-05-29,-0.695935212814635
2019-05-30,-4.005664796772885
2019-05-31,3.019403993490808
2019-06-01,-0.12236008424256384
2019-06-02,2.067926798314298
2019-06-03,-6.301805868386157
2019-06-04,-6.300147834270085
2019-06-05,1.4996473539935253
2019-06-06,-0.028224106582634648
2019-06-07,2.79771290768079
2019-06-08,-1.1229371413746665
2019-06-09,-3.4020323814255042
2019-06-10,3.9812033027590075
2019-06-11,-0.9117973017984032
2019-06-12,2.7144739690551605
2019-06-13,1.0388753446054437
2019-06-14,5.471566495081175
2019-06-15,1.6489111591430672
2019-06-16,1.7508940317692987
2019-06-17,3.558847752156163
2019-06-18,-2.5932150849555904
2019-06-19,2.089488388163727
2019-06-20,2.6983496264122877
2019-06-21,6.2790586710018
2019-06-22,5.346453425773459
2019-06-23,1.4258184854998994
2019-06-24,1.4244096327892748
2019-06-25,6.842540313130869
2019-06-26,9.886766271923943
2019-06-27,-15.181967393698741
2019-06-28,10.391011328681186
2019-06-29,-3.6772427703724095
2019-06-30,-10.038183788517502
2019-07-01,-2.187165092867407
2019-07-02,2.0439793649304376
2019-07-03,10.197242314626955
2019-07-04,-6.4382713521585675
2019-07-05,-2.1356009787895593
2019-07-06,2.0741781945806057
2019-07-07,2.1386723467300897
2019-07-08,7.039331175600369
2019-07-09,2.3159293280455797
2019-07-10,-3.37512276446848
2019-07-11,-6.788441618712997
2019-07-12,3.9472753868564205
2019-07-13,-3.6508773316126875
2019-07-14,-10.507600156656483
2019-07-15,6.044360141002941
2019-07-16,-13.937670558066412
2019-07-17,2.25512788560902
2019-07-18,9.561955306661925
2019-07-19,-1.28084615726045
2019-07-20,2.2200991330417414
2019-07-21,-1.572926297459085
2019-07-22,-2.4449353942019494
2019-07-23,-4.370796659547665
2019-07-24,-0.9013724991008056
2019-07-25,1.0131621144278298
2019-07-26,-0.41995593419583177
2019-07-27,-4.059130256046178
2019-07-28,0.7901301370321584
2019-07-29,-0.3535535708016186
2019-07-30,0.9231027857063211
2019-07-31,4.857531814577599
2019-08-01,3.066254026424243
2019-08-02,1.1330721144643396
2019-08-03,2.8451137479912814
2019-08-04,1.3625267067559002
2019-08-05,7.339741253272014
2019-08-06,-2.813163305123966
2019-08-07,3.9612102673995024
2019-08-08,0.20443450527850054
2019-08-09,-0.8684364496770227
2019-08-10,-4.384670685564371
2019-08-11,1.4823037907253727
2019-08-12,-1.2307995125175573
2019-08-13,-4.370714338940504
2019-08-14,-8.063797192427451
2019-08-15,2.5522045965721745
2019-08-16,0.6071112000481698
2019-08-17,-1.3840282280728102
2019-08-18,1.1086601525889401
2019-08-19,5.365286353343918
2019-08-20,-1.4098602646118379
2019-08-21,-5.984026786228671
2019-08-22,-0.06901282262681484
2019-08-23,2.696583890848797
2019-08-24,-2.4116765985468236
2019-08-25,-0.21128053844357897
2019-08-26,2.2654331476248633
2019-08-27,-1.8030983225030404
2019-08-28,-4.3244332321516605
2019-08-29,-2.535588058642089
2019-08-30,0.9207926773968323
2019-08-31,0.3379326975376171
2019-09-01,1.3132277928025817
2019-09-02,5.858903991126105
2019-09-03,2.639879832471976
2019-09-04,-0.2737943980703232
2019-09-05,-0.17912085396542574
2019-09-06,-2.1237571181720685
2019-09-07,1.5711656980851707
2019-09-08,-0.7250398184557224
2019-09-09,-1.023309600539781
2019-09-10,-2.1417820975587025
2019-09-11,0.6149168432955223
2019-09-12,2.2513994030435
2019-09-13,-0.47740552572046674
2019-09-14,-0.024114056019034127
2019-09-15,-0.09983634989049381
2019-09-16,-0.6877180180772806
2019-09-17,-0.3462462705750272
2019-09-18,-0.42099302272132594
2019-09-19,0.6661946401365817
2019-09-20,-0.829163618618558
2019-09-21,-1.6031424170294233
2019-09-22,0.504485941629184
2019-09-23,-3.445525046861395
2019-09-24,-12.09936495214672
2019-09-25,-1.5616015371176537
2019-09-26,-4.4331750932275265
2019-09-27,1.623387232043621
2019-09-28,-0.07189659749160292
2019-09-29,-1.7337268541281117
2019-09-30,2.3135803960001184
2019-10-01,0.5939522648697366
2019-10-02,0.5947039319423827
2019-10-03,-1.597938661828606
2019-10-04,-0.656542608285994
2019-10-05,-0.6656196327979546
2019-10-06,-2.0242104470858777
2019-10-07,3.1722604960343292
2019-10-08,-0.20443649815999843
2019-10-09,4.362860415666088
2019-10-10,-0.10786272982693222
2019-10-11,-3.1314740956696863
2019-10-12,0.17767504383327862
2019-10-13,-0.18669970610550546
2019-10-14,0.6430502888083053
2019-10-15,-2.042493372661194
2019-10-16,-1.9423891941978406
2019-10-17,0.6981979739066776
2019-10-18,-1.6259940076949106
2019-10-19,0.19237257444975664
2019-10-20,2.8812403665221886
2019-10-21,0.26287932719727747
2019-10-22,-2.028232136663908
2019-10-23,-7.231210270483085
2019-10-24,-0.28228801699561207
2019-10-25,14.476109386093217
2019-10-26,6.528433388686642
2019-10-27,3.2640796008500117
2019-10-28,-3.1432676505614583
2019-10-29,1.8362811918533402
2019-10-30,-2.3825095718831424
2019-10-31,-0.06673727616756513
2019-11-01,0.6664947063719231
2019-11-02,0.6845382329238986
2019-11-03,-0.9629700847412865
2019-11-04,1.901152585439151
2019-11-05,-0.7473715309565572
2019-11-06,0.19624814591623346
2019-11-07,-1.0018996001742249
2019-11-08,-5.121408380627322
2019-11-09,0.09877334517130171
2019-11-10,2.7081275361004673
2019-11-11,-3.343184819094057
2019-11-12,0.6586553240447162
2019-11-13,-0.08397010971480579
2019-11-14,-1.1437202181483985
2019-11-15,-2.512939756383665
2019-11-16,0.6896630827938469
2019-11-17,0.3177685280365235
2019-11-18,-3.1824239383397455
2019-11-19,-1.249037483855615
2019-11-20,-2.203907156094031
2019-11-21,-4.908676812568618
2019-11-22,-4.635206471928927
2019-11-23,1.3776814950745946
2019-11-24,-4.845012522266549
2019-11-25,1.3839370591340379
2019-11-26,1.005783551004516
2019-11-27,4.248662643530126
2019-11-28,-0.9144267907922979
2019-11-29,3.917091013708419
2019-11-30,-2.4998412204507994
2019-12-01,-1.9386782304190116
2019-12-02,-1.3875477110813643
2019-12-03,-0.02517083198087148
2019-12-04,-0.9348132540893891
2019-12-05,2.670476775607382
2019-12-06,1.3162839304284675
2019-12-07,0.1223739480074957
2019-12-08,0.10723690545205787
2019-12-09,-2.1844253680856536
2019-12-10,-1.6728999152694786
2019-12-11,-0.8373983817170333
2019-12-12,0.35554716584630375
2019-12-13,0.3658878797755816
2019-12-14,-2.01489561535976
2019-12-15,0.38702824709550765
2019-12-16,-3.1216547911036936
2019-12-17,-4.302813984775004
2019-12-18,9.15020395898456
2019-12-19,-1.021559978849091
2019-12-20,0.2215025702357289
2019-12-21,-0.38386948789303915
2019-12-22,4.359469833307996
2019-12-23,-2.0981218944278197
2019-12-24,-0.4509590580982912
2019-12-25,-0.649097736895625
2019-12-26,-0.49867347739121154
2019-12-27,0.7037180653861685
2019-12-28,0.38200628759044347
2019-12-29,1.420078568539573
2019-12-30,-1.7622203333694908
2019-12-31,-1.3722694823239308
2020-01-01,0.09136166827146318
2020-01-02,-3.0272928096194005
2020-01-03,5.017174596003129
2020-01-04,0.8915009823896914
2020-01-05,0.008914393268935946
2020-01-06,4.716146723565966
2020-01-07,4.952688932640552
2020-01-08,-1.0321673202805577
2020-01-09,-2.516485111441786
2020-01-10,3.5837017057326506
2020-01-11,-1.5924289930773852
2020-01-12,1.9095619045757743
2020-01-13,-0.5913064387262196
2020-01-14,8.05965063783667
2020-01-15,-0.23537488141357046
2020-01-16,-0.9494746324859216
2020-01-17,2.3255338715640104
2020-01-18,0.15410282758632793
2020-01-19,-2.680910251619806
2020-01-20,-0.5598131806099833
2020-01-21,1.0141927934056931
2020-01-22,-0.7461951294768087
2020-01-23,-3.211536772319544
2020-01-24,0.461893300829455
2020-01-25,-0.9229306182408406
2020-01-26,2.6996838102770813
2020-01-27,3.5760424982363253
2020-01-28,4.914065669354804
2020-01-29,-0.44936586728142575
2020-01-30,2.0437036918080174
2020-01-31,-1.6805048675941272
2020-02-01,0.4518472151643944
2020-02-02,-0.5177910236525379
2020-02-03,-0.545597007771587
2020-02-04,-1.21854536490776
2020-02-05,4.602834799275258
2020-02-06,1.2033084493942918
2020-02-07,0.6774835392772002
2020-02-08,0.7036859447460035
2020-02-09,2.517972021925015
2020-02-10,-2.6042505869956383
2020-02-11,3.5052446746270767
2020-02-12,1.1475404940051999
2020-02-13,-1.0873762642183453
2020-02-14,0.9523015160699344
2020-02-15,-4.185355039924229
2020-02-16,0.45408785208573843
2020-02-17,-2.489772344158013
2020-02-18,4.557569247775114
2020-02-19,-5.144998404328957
2020-02-20,-0.25892656683303505
2020-02-21,0.8081532009711981
2020-02-22,-0.24041581349733818
2020-02-23,2.668506547579107
2020-02-24,-2.8031992193656916
2020-02-25,-3.248723753845248
2020-02-26,-5.740768792548737
2020-02-27,-0.40929663884492684
2020-02-28,-1.2836217768337237
2020-02-29,-0.8446835964171201
2020-03-01,-0.4318240904803676
2020-03-02,3.5250739590151827
2020-03-03,-0.9274764811755474
2020-03-04,-0.3709743670396993
2020-03-05,3.628484201142127
2020-03-06,0.48110043680747855
2020-03-07,-2.357983053034934
2020-03-08,-9.430352876922734
2020-03-09,-2.301429329184435
2020-03-10,-0.17576850801850666
2020-03-11,0.02149884883273101
2020-03-12,-46.4730175339773
2020-03-13,11.26862221975449
2020-03-14,-6.7535570046571864
2020-03-15,3.6245732630844447
2020-03-16,-7.264505770911891
2020-03-17,4.124552567019178
2020-03-18,0.2448204386069575
2020-03-19,16.71043242496126
2020-03-20,0.12244500086869695
2020-03-21,-0.22144850761294074
2020-03-22,-5.907702386252891
2020-03-23,9.578323765146266
2020-03-24,4.844470857364082
2020-03-25,-0.8011559939720809
2020-03-26,0.5281211361417012
2020-03-27,-3.741337669931112
2020-03-28,-3.581324079079013
2020-03-29,-5.265021330566508
2020-03-30,8.226844860278629
2020-03-31,0.1368107409615196
2020-04-01,2.5777803165675914
2020-04-02,2.788875596596145
2020-04-03,-0.8906283829348234
2020-04-04,1.9725803844387817
2020-04-05,-1.1186860819705755
2020-04-06,6.838401551364988
2020-04-07,-1.3201383140758696
2020-04-08,2.1734626116209514
2020-04-09,-0.4373997983961782
2020-04-10,-6.165264619598333
2020-04-11,-0.09341136128114594
2020-04-12,1.6198094339308036
2020-04-13,-1.8247903368068017
2020-04-14,-0.03813508563592871
2020-04-15,-2.97129370766832
2020-04-16,6.902911272643515
2020-04-17,-0.29015210954838366
2020-04-18,2.2500902000608027
2020-04-19,-0.9446987957285106
2020-04-20,-4.370789261905665
2020-04-21,-0.02376428480456615
2020-04-22,3.3849812461733007
2020-04-23,4.297334717626114
2020-04-24,1.6178084496425684
2020-04-25,0.25177397803475066
2020-04-26,1.4417636083330128
2020-04-27,1.495735604802822
2020-04-28,0.14686626299017075
2020-04-29,11.984140644428901
2020-04-30,-1.632197818592355
2020-05-01,2.353691044657035
2020-05-02,1.3872127279034094
2020-05-03,-1.0189912204170495
2020-05-04,0.1705271829389974
2020-05-05,1.0093566989645255
2020-05-06,2.9084126239824877
2020-05-07,7.107536685466279
2020-05-08,-1.0998547172291293
2020-05-09,-2.5599497514193534
2020-05-10,-9.133874992634656
2020-05-11,-1.7817356616017375
2020-05-12,2.3289396482524602
2020-05-13,5.152160673099469
2020-05-14,4.881430833652742
2020-05-15,-4.255454133663077
2020-05-16,0.5219563387115276
2020-05-17,3.084341466898477
2020-05-18,0.5757095071523827
2020-05-19,0.02531804680276828
2020-05-20,-2.1407053865041545
2020-05-21,-4.743978112005262
2020-05-22,1.1039704675422357
2020-05-23,0.2904542937138854
2020-05-24,-4.655584805354227
2020-05-25,1.3173543308948166
2020-05-26,-0.8103063993220552
2020-05-27,3.8410971222694656
2020-05-28,3.686071480897355
2020-05-29,-0.913557886418624
2020-05-30,2.730538972956484
2020-05-31,-2.4984292562996218
2020-06-01,7.198931640233779
2020-06-02,-6.4749474802836655
2020-06-03,1.3229694990896244
2020-06-04,1.4793539385652563
2020-06-05,-1.3881075272663914
2020-06-06,-0.12271221586050945
2020-06-07,1.0835668358634767
2020-06-08,0.12940603543832424
2020-06-09,0.2474647666023554
2020-06-10,0.756591700730524
2020-06-11,-5.715571914128428
2020-06-12,1.691958379014404
2020-06-13,-0.05872938226618028
2020-06-14,-0.9382843818570022
2020-06-15,0.6785862337686215
2020-06-16,0.9197339368026769
2020-06-17,-0.6075177257296804
2020-06-18,-0.724264397501192
2020-06-19,-1.3243316204145585
2020-06-20,0.4760633072752032
2020-06-21,-0.3081241183796443
2020-06-22,3.6420399315631338
2020-06-23,-0.1977301049161919
2020-06-24,-3.3370923273779836
2020-06-25,-0.5253081495321346
2020-06-26,-1.1059043986902697
2020-06-27,-1.2909378740095026
2020-06-28,1.0796911071170563
2020-06-29,0.5156696867222046
2020-06-30,-0.5768117633966838
2020-07-01,0.983678469207803
2020-07-02,-1.1433924918011267
2020-07-03,-0.3965412107265914
2020-07-04,0.4959953765059784
2020-07-05,-0.6431364974036432
2020-07-06,3.2690364054528693
2020-07-07,-1.3227475028494522
2020-07-08,1.8849585054621958
2020-07-09,-1.6076772716190906
2020-07-10,0.009051613040455209
2020-07-11,-0.4153644618958577
2020-07-12,0.39049160883403894
2020-07-13,-0.3551357868856212
2020-07-14,-0.004331631390260929
2020-07-15,-0.5465061808117077
2020-07-16,-0.6614939463274875
2020-07-17,0.20964170070042948
2020-07-18,0.0835311927582492
2020-07-19,0.29193317943758057
2020-07-20,-0.23526855605594835
2020-07-21,2.2726572419009328
2020-07-22,1.5923467431184803
2020-07-23,0.5831453188377249
2020-07-24,-0.4621806400934839
2020-07-25,1.4595935230040646
2020-07-26,2.329289732455888
2020-07-27,10.400866598506177
2020-07-28,-0.7126663372121388
2020-07-29,1.704870717725163
2020-07-30,0.09676074745081875
2020-07-31,1.892242337372686
2020-08-01,3.7792033732146866
2020-08-02,-6.191185712282564
2020-08-03,1.7286053356239672
2020-08-04,-0.36037470015529804
2020-08-05,4.716003790353572
2020-08-06,0.2784144331385825
2020-08-07,-1.5251902049187647
2020-08-08,1.3065469924046942
2020-08-09,-0.6684391826167339
2020-08-10,1.718420090459035
2020-08-11,-4.016111286278769
2020-08-12,1.5169300755772668
2020-08-13,1.7048853955416796
2020-08-14,-0.12963612281770312
2020-08-15,0.8193734253123777
2020-08-16,0.22817499658520377
2020-08-17,2.9951760409884236
2020-08-18,-2.170941475499902
2020-08-19,-1.961788699136637
2020-08-20,1.0161327741758681
2020-08-21,-2.436186279312502
2020-08-22,0.7676821280393403
2020-08-23,-0.14543864269716936
2020-08-24,0.9364458635234827
2020-08-25,-3.5306004408532354
2020-08-26,1.06963347639654
2020-08-27,-1.4463477673961747
2020-08-28,1.916471859560327
2020-08-29,-0.309204124745403
2020-08-30,1.7627931208674323
2020-08-31,-0.26235581917250006
2020-09-01,2.449528784504093
2020-09-02,-4.759982836281475
2020-09-03,-10.8024907829682
2020-09-04,2.5680958905574514
2020-09-05,-3.310004713411871
2020-09-06,1.0834787536525494
2020-09-07,0.8640468391535637
2020-09-08,-2.322390559011147
2020-09-09,1.0879835709758443
2020-09-10,1.1724294913524442
2020-09-11,0.36386352484214324
2020-09-12,0.3958714499077175
2020-09-13,-1.1404867595945654
2020-09-14,3.4003650927763864
2020-09-15,1.081251074282432
2020-09-16,1.6347532426243052
2020-09-17,-0.2364091830582051
2020-09-18,-0.04023369137903027
2020-09-19,1.3590771382837723
2020-09-20,-1.41678855300922
2020-09-21,-4.449331082805089
2020-09-22,0.7256944592073883
2020-09-23,-2.812582881046784
2020-09-24,4.893613643511954
2020-09-25,-0.627888978372976
2020-09-26,0.5410230472935921
2020-09-27,0.22805831897412407
2020-09-28,-0.6108227146350323
2020-09-29,1.2525583307515769
2020-09-30,-0.5561903231038765
2020-10-01,-1.5421675401221662
2020-10-02,-0.4102545378274992
2020-10-03,-0.25226166977002407
2020-10-04,1.1334718114116693
2020-10-05,1.153227902473339
2020-10-06,-1.7659664062251814
2020-10-07,0.6069812450621233
2020-10-08,2.286138464731422
2020-10-09,1.3537193923190285
2020-10-10,2.074267777372715
2020-10-11,0.7744148940002065
2020-10-12,1.4924866101628098
2020-10-13,-1.1267025530866026
2020-10-14,0.0315673400463534
2020-10-15,0.5744241377636975
2020-10-16,-1.518396829079633
2020-10-17,0.3172679849898212
2020-10-18,1.0967693217915127
2020-10-19,2.227634146506345
2020-10-20,1.4734826605249336
2020-10-21,7.338405430586939
2020-10-22,1.1027987566796662
2020-10-23,-0.2652970455378322
2020-10-24,1.355828284978525
2020-10-25,-0.5883025247512491
2020-10-26,0.33765071930938884
2020-10-27,4.332755896265355
2020-10-28,-2.8445849418455493
2020-10-29,1.247510345864666
2020-10-30,0.8052075583308513
2020-10-31,1.7160608140630422
2020-11-01,-0.3189593193523672
2020-11-02,-1.367823012311885
2020-11-03,2.9078415153374673
2020-11-04,1.3061444695718671
2020-11-05,9.741581080424416
2020-11-06,-0.0896930308048076
2020-11-07,-4.817614127429782
2020-11-08,4.261566759184631
2020-11-09,-0.9558200327301026
2020-11-10,-0.2704687109614758
2020-11-11,2.6488015591815355
2020-11-12,3.596670089126322
2020-11-13,0.25443132057155654
2020-11-14,-1.5418716403050705
2020-11-15,-0.7029240926094911
2020-11-16,4.656389869041283
2020-11-17,5.410247584413837
2020-11-18,0.8947999876361636
2020-11-19,0.07346200168832047
2020-11-20,4.4148762698192945
2020-11-21,0.11227042351799794
2020-11-22,-1.4710561659748134
2020-11-23,-0.032018509970887475
2020-11-24,3.968026776556164
2020-11-25,-1.9839332374638075
2020-11-26,-8.820525362378572
2020-11-27,-0.24647942560283284
2020-11-28,3.4978293300267826
2020-11-29,2.5635704702410123
2020-11-30,7.666315234015364
2020-12-01,-4.283053060242914
2020-12-02,2.0950814137308935
2020-12-03,1.264331604618068
2020-12-04,-3.9099467524232567
2020-12-05,2.401261307587592
2020-12-06,0.9916644389898553
2020-12-07,-0.7965956561317785
2020-12-08,-4.641845955624486
2020-12-09,1.2625041029578565
2020-12-10,-1.5694640220805651
2020-12-11,-1.1347356530151447
2020-12-12,4.041245632345914
2020-12-13,1.7853539827284988
2020-12-14,0.5431863337978572
2020-12-15,0.8816158477203611
2020-12-16,9.30515975767781
2020-12-17,6.778242711074886
2020-12-18,1.4487680725324006
2020-12-19,3.1140804146840155
2020-12-20,-1.6581622945616774
2020-12-21,-2.9138076932326973
2020-12-22,4.207656794577848
2020-12-23,-2.3039436663009636
2020-12-24,2.1057908650393338
2020-12-25,3.838601817057906
2020-12-26,6.9389186050181335
2020-12-27,-0.6250988870123867
2020-12-28,3.045804329424125
2020-12-29,1.019817648627593
2020-12-30,5.262518188935121
2020-12-31,0.5558802229052879
2021-01-01,1.2759952848226697
2021-01-02,8.959001114880643
2021-01-03,2.0175172403393153
2021-01-04,-2.502246735581663
2021-01-05,6.128001171320478
2021-01-06,8.002182823088061
2021-01-07,6.687092425852742
2021-01-08,3.5592889879448695
2021-01-09,-1.3400522620513369
2021-01-10,-4.830048595686677
2021-01-11,-7.551390060372581
2021-01-12,-4.731647785882869
2021-01-13,9.53397207362559
2021-01-14,4.892161277885249
2021-01-15,-6.216649897230796
2021-01-16,-1.7731847143619857
2021-01-17,-1.0750872199338055
2021-01-18,2.316538885922865
2021-01-19,-1.5413522880192658
2021-01-20,-1.4579216975338103
2021-01-21,-14.252813081835994
2021-01-22,6.8333411475302155
2021-01-23,-2.8834641394269322
2021-01-24,0.6890847351743181
2021-01-25,0.23822686367903426
2021-01-26,0.6266383460683916
2021-01-27,-6.787434522440919
2021-01-28,9.50202595471698
2021-01-29,2.5090070847817985
2021-01-30,-0.13665573129015413
2021-01-31,-3.4289423389572344
2021-02-01,1.26875420679964
2021-02-02,5.7167938879420435
2021-02-03,5.3773897801539
2021-02-04,-1.467867670382311
2021-02-05,3.245885330843299
2021-02-06,2.898274128113115
2021-02-07,-0.9276588183404773
2021-02-08,17.18205618881233
2021-02-09,0.61426193854515
2021-02-10,-3.4203203429628117
2021-02-11,6.446761605839371
2021-02-12,-0.8478464657924508
2021-02-13,-0.8441745251820123
2021-02-14,3.3643879906238476
2021-02-15,-1.5978235928812496
2021-02-16,2.5835260740748702
2021-02-17,5.821415216952158
2021-02-18,-0.9038226589304248
2021-02-19,7.828513543693166
2021-02-20,0.37751835203801026
2021-02-21,2.535215971053203
2021-02-22,-5.966344725525414
2021-02-23,-10.458524450100901
2021-02-24,1.7881495738120443
2021-02-25,-5.3969759252051706
2021-02-26,-1.6142075456887308
2021-02-27,-0.3270542479989021
2021-02-28,-2.301047656676125
2021-03-01,9.490116032713884
2021-03-02,-2.5554925208490773
2021-03-03,4.366472769390149
2021-03-04,-3.99061221991278
2021-03-05,0.7511420176535919
2021-03-06,-0.03050270395783075
2021-03-07,4.58396233606819
2021-03-08,2.010313651550215
2021-03-09,4.815684025323532
2021-03-10,2.137417979802778
2021-03-11,3.1573000390297756
2021-03-12,-0.8216872853115568
2021-03-13,6.599046126171279
2021-03-14,-3.220259265928875
2021-03-15,-5.895520841682183
2021-03-16,1.5929471547609109
2021-03-17,3.5724187080357788
2021-03-18,-1.7339151916613387
2021-03-19,0.8394319050580128
2021-03-20,-0.05658791253751102
2021-03-21,-1.3643904139846408
2021-03-22,-5.3456881044433056
2021-03-23,0.38401154329438564
2021-03-24,-3.6551757777657645
2021-03-25,-2.048543291555645
2021-03-26,6.428841931989358
2021-03-27,1.5051908974823298
2021-03-28,-0.04068041327035923
2021-03-29,3.165502939331705
2021-03-30,2.001460991998417
2021-03-31,0.0019359447593354478
2021-04-01,0.2999232878687993
2021-04-02,0.4870090844088338
2021-04-03,-3.0439981167968613
2021-04-04,1.9846643132378483
2021-04-05,0.5081207326213134
2021-04-06,-1.476389754962159
2021-04-07,-3.7528870853164245
2021-04-08,3.978767570422682
2021-04-09,-0.1354549836114697
2021-04-10,2.6234198096664976
2021-04-11,0.6862304387402612
2021-04-12,-0.5187618998143357
2021-04-13,5.852714345026763
2021-04-14,-0.6219938149170958
2021-04-15,0.3232251116976691
2021-04-16,-2.7886621874568536
2021-04-17,-1.4542926101405163
2021-04-18,-7.6472431098119324
2021-04-19,-0.8788979117796623
2021-04-20,1.3347500558966063
2021-04-21,-4.651974554182734
2021-04-22,-4.0581883746807135
2021-04-23,-1.3001302685204312
2021-04-24,-2.0620437180110716
2021-04-25,-2.113272327896639
2021-04-26,9.747970680195452
2021-04-27,1.8548319148653771
2021-04-28,-0.3794255373736428
2021-04-29,-2.3429673825133244
2021-04-30,7.541518772096198
2021-05-01,0.1347572360312362
2021-05-02,-2.0916047590224385
2021-05-03,1.0001102205402288
2021-05-04,-6.999363622377694
2021-05-05,7.389708647447689
2021-05-06,-1.8055093557641697
2021-05-07,1.6877096781434924
2021-05-08,2.4921619702789646
2021-05-09,-0.9765628034028507
2021-05-10,-4.159554115971453
2021-05-11,1.5009957344289306
2021-05-12,-14.2967146773037
2021-05-13,1.1442928110092723
2021-05-14,0.3300186759766157
2021-05-15,-6.459870319528386
2021-05-16,-0.6525257090234029
2021-05-17,-6.48839844864655
2021-05-18,-1.4531934084628222
2021-05-19,-14.810707635188663
2021-05-20,9.72750161239599
2021-05-21,-8.913981683679193
2021-05-22,0.6198237437243979
2021-05-23,-7.6545645798332975
2021-05-24,10.722243682664232
2021-05-25,-0.7878782581024248
2021-05-26,2.2961565812768545
2021-05-27,-2.205718107153495
2021-05-28,-7.393611150144238
2021-05-29,-3.0765691542153006
2021-05-30,3.0219944078986263
2021-05-31,4.533591723246496
2021-06-01,-1.750785357311659
2021-06-02,2.397778870231388
2021-06-03,4.255661695137001
2021-06-04,-6.084038726712561
2021-06-05,-3.706474257477647
2021-06-06,0.8693599850188835
2021-06-07,-6.6332855635343035
2021-06-08,-0.26277750634577707
2021-06-09,10.947410238213756
2021-06-10,-1.7354742993128305
2021-06-11,1.7067578415986144
2021-06-12,-4.890419504040555
2021-06-13,9.505680129465752
2021-06-14,2.825878796632069
2021-06-15,0.4658453327527578
2021-06-16,-5.230703159614401
2021-06-17,-0.7684760787668956
2021-06-18,-6.140159139173661
2021-06-19,-0.48002198172942856
2021-06-20,0.23116253137915738
2021-06-21,-11.9521795848678
2021-06-22,2.583304760939311
2021-06-23,3.676667515561315
2021-06-24,2.7475699857643345
2021-06-25,-9.130465397426267
2021-06-26,1.7188238400922922
2021-06-27,7.374727447930949
2021-06-28,-0.6233262455755746
2021-06-29,4.078512112413988
2021-06-30,-2.332520296585249
2021-07-01,-4.281824560087459
2021-07-02,0.963202091343982
2021-07-03,2.2504948021345133
2021-07-04,1.7703918010918158
2021-07-05,-4.467475626166748
2021-07-06,1.4392210079461631
2021-07-07,-1.1157826650301255
2021-07-08,-2.9311778537964175
2021-07-09,2.761736344787324
2021-07-10,-0.82442012335933
2021-07-11,2.1242252673874873
2021-07-12,-3.2180926347831007
2021-07-13,-1.3782086425800635
2021-07-14,0.36725998364308426
2021-07-15,-3.2249468356842406
2021-07-16,-1.136653085848622
2021-07-17,0.3543169217346287
2021-07-18,0.8329203113175575
2021-07-19,-3.1272502988710884
2021-07-20,-3.3338555734212405
2021-07-21,7.443417235693212
2021-07-22,0.6283788882169604
2021-07-23,3.8503942271904577
2021-07-24,2.0948244356669856
2021-07-25,3.0378619797658737
2021-07-26,5.469542869161192
2021-07-27,5.39428534880362
2021-07-28,1.483512651645551
2021-07-29,0.03128737005963115
2021-07-30,5.41722306526184
2021-07-31,-1.4532545375150554
2021-08-01,-4.047804375571393
2021-08-02,-1.952524946480863
2021-08-03,-2.71224912051319
2021-08-04,4.094316463847638
2021-08-05,2.7838357371246687
2021-08-06,4.653814062641624
2021-08-07,3.981881145877593
2021-08-08,-1.7151523902089738
2021-08-09,5.696271209006833
2021-08-10,-1.6974141392608217
2021-08-11,0.01887605723412682
2021-08-12,-2.58917535442005
2021-08-13,7.3009479718917465
2021-08-14,-1.46777437579731
2021-08-15,-0.10609584864258956
2021-08-16,-2.240830692116523
2021-08-17,-2.886919903458737
2021-08-18,0.2364966650012081
2021-08-19,4.188585333234935
2021-08-20,5.459790698385328
2021-08-21,-0.8828701235467067
2021-08-22,0.8473475397263706
2021-08-23,0.45413466832814303
2021-08-24,-3.784489433094968
2021-08-25,2.5960121950429427
2021-08-26,-4.21022974523753
2021-08-27,4.409943030226678
2021-08-28,-0.31903644385737095
2021-08-29,-0.14850847584068097
2021-08-30,-3.702463994727715
2021-08-31,0.23710718587319382
2021-09-01,3.5005653788017193
2021-09-02,0.979272478817146
2021-09-03,1.4044128006187486
2021-09-04,-0.1615484996733509
2021-09-05,3.5575435016673143
2021-09-06,1.68631403802205
2021-09-07,-11.723249529729856
2021-09-08,-1.5494793572991006
2021-09-09,0.6488390533953229
2021-09-10,-3.303518664446581
2021-09-11,0.7049939410355871
2021-09-12,1.8886554528238821
2021-09-13,-2.4174296052118334
2021-09-14,4.62720067779093
2021-09-15,2.275460131450896
2021-09-16,-0.81907394359386
2021-09-17,-1.0854079709278335
2021-09-18,2.116012615402399
2021-09-19,-2.1314594702563614
2021-09-20,-9.810793836995629
2021-09-21,-5.148826786332678
2021-09-22,6.839960199678301
2021-09-23,2.985630902322461
2021-09-24,-4.686219528987527
2021-09-25,-0.2878952738409655
2021-09-26,1.1450682044497962
2021-09-27,-2.2771582829569805
2021-09-28,-2.8852332947741828
2021-09-29,1.282892481457235
2021-09-30,5.218276011816411
2021-10-01,9.42084189312798
2021-10-02,-0.8462113921141138
2021-10-03,1.0185835179136424
2021-10-04,1.8763728593427256
2021-10-05,4.774761053468452
2021-10-06,7.201410137731079
2021-10-07,-2.8498794333346034
2021-10-08,0.30037607441677505
2021-10-09,1.836679291081593
2021-10-10,-0.3583836316874845
2021-10-11,4.834896270757248
2021-10-12,-2.543576350608531
2021-10-13,2.3978814816483514
2021-10-14,-0.13872457018979745
2021-10-15,7.18874583745788
2021-10-16,-1.1458884632588322
2021-10-17,1.0803865067540788
2021-10-18,0.7646292349290159
2021-10-19,3.541344366049976
2021-10-20,2.6577834542035657
2021-10-21,-5.902766839072916
2021-10-22,-2.4702251082704763
2021-10-23,1.1489604888576206
2021-10-24,-0.7566491344887265
2021-10-25,3.4027273334004215
2021-10-26,-4.337718610106227
2021-10-27,-3.166384386368273
2021-10-28,3.593449158802419
2021-10-29,2.6144375505153636
2021-10-30,-0.5464750380489263
2021-10-31,-0.9250698649359285
2021-11-01,-0.5142950065019365
2021-11-02,3.5775877348473304
2021-11-03,-0.4062805617150114
2021-11-04,-2.439903425460908
2021-11-05,-0.532812918796798
2021-11-06,0.6551908440948537
2021-11-07,2.8827681539784322
2021-11-08,6.480556096155834
2021-11-09,-0.8845099182201409
2021-11-10,-2.995816542044536
2021-11-11,-0.06967481072823624
2021-11-12,-1.2300437518712914
2021-11-13,0.48759637082755497
2021-11-14,1.5351084638069592
2021-11-15,-2.959290584671604
2021-11-16,-5.492245425158357
2021-11-17,0.343096492223367
2021-11-18,-5.842375040330888
2021-11-19,2.046697304630566
2021-11-20,2.678245961804076
2021-11-21,-1.6326255638854346
2021-11-22,-4.245451447744855
2021-11-23,2.2481248103212805
2021-11-24,-2.263871996463873
2021-11-25,1.7511838160780349
2021-11-26,-6.687380102128215
2021-11-27,2.298046960742265
2021-11-28,4.3435386277887975
2021-11-29,0.9701684218223902
2021-11-30,-1.3955922421075118
2021-12-01,0.39287807348430553
2021-12-02,-1.3227302108743102
2021-12-03,-5.2331585665341835
2021-12-04,-8.560843085516442
2021-12-05,0.3411696472447897
2021-12-06,2.4288526851428816
2021-12-07,0.23194677368668118
2021-12-08,-0.3859286221386915
2021-12-09,-5.772155580847653
2021-12-10,-0.9035819421615396
2021-12-11,4.388024071672512
2021-12-12,1.4796607838164322
2021-12-13,-6.944137030817534
2021-12-14,-0.2674827620426481
2021-12-15,4.7838778099981205
2021-12-16,-2.550406419845907
2021-12-17,-3.1180093256039694
2021-12-18,1.389869565630835
2021-12-19,-0.30305301841360094
2021-12-20,0.3702680378992096
2021-12-21,4.2928792887466996
2021-12-22,-0.6315834406489169
2021-12-23,4.3381939329586325
2021-12-24,0.07412156675569818
2021-12-25,-0.7749727198994439
2021-12-26,0.7500204929835927
2021-12-27,-0.3333620966693561
2021-12-28,-6.215142651197651
2021-12-29,-2.4336011956341843
2021-12-30,1.566773871313257
2021-12-31,-1.8649172756865187
2022-01-01,2.937373314776973
2022-01-02,-0.7189054400021723
2022-01-03,-1.8914636695763702
2022-01-04,-1.2138934663861074
2022-01-05,-5.2066288454812755
2022-01-06,-0.9410297303589779
2022-01-07,-3.7847988650375175
2022-01-08,0.4227048332596754
2022-01-09,0.42479352061129066
2022-01-10,-0.2157811766201214
2022-01-11,2.1633410637439376
2022-01-12,2.7993907251911834
2022-01-13,-3.137582795207003
2022-01-14,1.1859664695822616
2022-01-15,0.1801155622209457
2022-01-16,-0.1472212364401536
2022-01-17,-2.022757169904886
2022-01-18,0.2956109256612036
2022-01-19,-1.5009910442870609
2022-01-20,-2.5816743095603862
2022-01-21,-10.960468291543993
2022-01-22,-3.9930188839646727
2022-01-23,3.4966573781181562
2022-01-24,1.0352967106698903
2022-01-25,0.8142486826951165
2022-01-26,-0.27608244495656065
2022-01-27,0.7733837890785913
2022-01-28,1.7247505090414967
2022-01-29,0.9321351739209749
2022-01-30,-0.5800446457155093
2022-01-31,1.4804408066392667
2022-02-01,0.6737318502634114
2022-02-02,-4.731073995912287
2022-02-03,0.544121583199158
2022-02-04,11.062688345744714
2022-02-05,-0.14398234837348134
2022-02-06,2.316687651757865
2022-02-07,3.311158270953735
2022-02-08,0.6324808965338508
2022-02-09,0.498211368199733
2022-02-10,-1.760339378138894
2022-02-11,-2.692112605517185
2022-02-12,-0.386212183286643
2022-02-13,-0.1112080209543203
2022-02-14,0.9185768314632001
2022-02-15,4.563060448724069
2022-02-16,-1.385529504989858
2022-02-17,-8.108233071910446
2022-02-18,-1.2586526423760573
2022-02-19,0.2275138191892225
2022-02-20,-4.3054421746525255
2022-02-21,-3.592381094835431
2022-02-22,3.2134534341506558
2022-02-23,-2.618363461542035
2022-02-24,2.7399579951549815
2022-02-25,2.2738450595305904
2022-02-26,-0.27852723260769346
2022-02-27,-3.6334517924426977
2022-02-28,13.576425730332167
2022-03-01,2.6533380332524756
2022-03-02,-0.9753715935407227
2022-03-03,-3.4094478652413356
2022-03-04,-8.12852755652355
2022-03-05,0.6696906228633431
2022-03-06,-2.5202937052357024
2022-03-07,-0.93603152707349
2022-03-08,1.758473821596099
2022-03-09,8.046083301385845
2022-03-10,-6.254685680053027
2022-03-11,-1.6425482290646416
2022-03-12,0.2806706804667275
2022-03-13,-2.7475269974984844
2022-03-14,4.689129940953424
2022-03-15,-0.8302471898178111
2022-03-16,4.486546767420043
2022-03-17,-0.4690916877794194
2022-03-18,2.0538517974936226
2022-03-19,0.9274687432012266
2022-03-20,-2.26003228859662
2022-03-21,-0.4125761887466681
2022-03-22,3.070379130997368
2022-03-23,1.2531246090632069
2022-03-24,2.4593725965785045
2022-03-25,0.8782716407665668
2022-03-26,0.34237154855725294
2022-03-27,5.08131757923822
2022-03-28,0.6546412763369982
2022-03-29,0.714059973919024
2022-03-30,-0.85279952347302
2022-03-31,-3.291800954258311
2022-04-01,1.6183454010017757
2022-04-02,-0.8957035540670266
2022-04-03,1.2664841243046983
2022-04-04,0.36337857461326667
2022-04-05,-2.3144860605896067
2022-04-06,-5.294570510057487
2022-04-07,0.6852924231532808
2022-04-08,-2.8353972258937263
2022-04-09,1.162523528993253
2022-04-10,-1.3518646577317168
2022-04-11,-6.5746994554848985
2022-04-12,1.5198991801760953
2022-04-13,2.557641749549052
2022-04-14,-3.036437335454081
2022-04-15,1.5355179227128868
2022-04-16,-0.31855728397045674
2022-04-17,-1.7657522881942136
2022-04-18,2.7546268364385664
2022-04-19,1.6435294339235307
2022-04-20,-0.3097867846210707
2022-04-21,-2.0684439708319404
2022-04-22,-1.9611085251918916
2022-04-23,-0.6401619327578674
2022-04-24,-0.044170158334548265
2022-04-25,2.4749050076096806
2022-04-26,-5.959955698854747
2022-04-27,2.9052734994520195
2022-04-28,1.3483906721524785
2022-04-29,-2.970235366082905
2022-04-30,-2.3452178557919625
2022-05-01,1.9800580200401847
2022-05-02,0.1564561605817351
2022-05-03,-2.042224184090012
2022-05-04,5.031267753299164
2022-05-05,-8.194136472907672
2022-05-06,-1.4713780107637158
2022-05-07,-1.5067299056939674
2022-05-08,-4.148559878699712
2022-05-09,-11.70549632581505
2022-05-10,2.3678692386482956
2022-05-11,-6.962706368652095
2022-05-12,0.3842315640512254
2022-05-13,0.8069582993285078
2022-05-14,2.755654035085545
2022-05-15,3.9214229608877513
2022-05-16,-4.716393882593098
2022-05-17,1.8675310971867836
2022-05-18,-5.768962303395388
2022-05-19,5.401747251089606
2022-05-20,-3.742660999960213
2022-05-21,0.7896156156526583
2022-05-22,2.984011653578575
2022-05-23,-4.122961033666706
2022-05-24,1.8949781767069278
2022-05-25,-0.3148528130159642
2022-05-26,-1.0033699544872112
2022-05-27,-2.209788902256373
2022-05-28,0.6522241153916333
2022-05-29,2.1663990178958663
2022-05-30,7.459222816391973
2022-05-31,0.20756074770069063
2022-06-01,-6.474693067083527
2022-06-02,2.218263391098452
2022-06-03,-2.536528971019155
2022-06-04,0.431741536890466
2022-06-05,0.2468985857085947
2022-06-06,4.779217112896654
2022-06-07,-0.6883334658869973
2022-06-08,-3.0672946983430784
2022-06-09,-0.33934595457949635
2022-06-10,-3.4742219237800063
2022-06-11,-2.5173197410302333
2022-06-12,-5.800108151881945
2022-06-13,-17.40525517766704
2022-06-14,-1.2556416941057362
2022-06-15,1.6349175083863479
2022-06-16,-10.211240133010355
2022-06-17,0.4397810882562394
2022-06-18,-7.366571122488891
2022-06-19,7.765301952407
2022-06-20,0.22484805325769458
2022-06-21,0.5376928208097346
2022-06-22,-3.556200532463169
2022-06-23,5.351994965255233
2022-06-24,0.6889809613761697
2022-06-25,1.266838104662478
2022-06-26,-2.234031636729734
2022-06-27,-1.397518084479684
2022-06-28,-2.217969279541958
2022-06-29,-0.8746512259888249
2022-06-30,-1.6009711756282032
2022-07-01,-2.639361166796203
2022-07-02,-0.14079558563739067
2022-07-03,0.28449039765122947
2022-07-04,4.727542718300751
2022-07-05,-0.20358781263047931
2022-07-06,1.7582449257883936
2022-07-07,5.165639338861742
2022-07-08,0.43132227124235667
2022-07-09,-0.6412741163844948
2022-07-10,-3.447747972502637
2022-07-11,-4.359596339476734
2022-07-12,-3.291562138901987
2022-07-13,4.493675994482168
2022-07-14,1.7549651263241726
2022-07-15,1.2868197042892806
2022-07-16,1.6846296291970084
2022-07-17,-1.9584899709747239
2022-07-18,7.891967823012867
2022-07-19,3.9405282003417827
2022-07-20,-0.676524363636936
2022-07-21,-0.2892621770048167
2022-07-22,-1.9601945764881814
2022-07-23,-1.1044710597189036
2022-07-24,0.6375470790258249
2022-07-25,-5.675565978203241
2022-07-26,-0.5725043826841318
2022-07-27,7.659542154936112
2022-07-28,3.905783089201425
2022-07-29,-0.1647644691440151
2022-07-30,-0.6254683466181995
2022-07-31,-1.3589886059606542
2022-08-01,-0.09730647082914476
2022-08-02,-1.452024708261338
2022-08-03,-0.5744061707541017
2022-08-04,-0.9479525568520928
2022-08-05,2.8675899088160426
2022-08-06,-1.4185359813054537
2022-08-07,0.9303252730044901
2022-08-08,2.6971545344578582
2022-08-09,-2.747099349637511
2022-08-10,3.325679505388167
2022-08-11,0.04127620673678436
2022-08-12,1.8415982056898608
2022-08-13,0.08704221288590054
2022-08-14,-0.42973830773317306
2022-08-15,-0.752687118445491
2022-08-16,-1.0565706274135411
2022-08-17,-2.3181944883864696
2022-08-18,-0.5295957030778943
2022-08-19,-10.602664190168618
2022-08-20,1.3724431302661715
2022-08-21,1.7239723512555944
2022-08-22,-0.6298802571622582
2022-08-23,0.60185938546632
2022-08-24,-0.620033327852915
2022-08-25,0.9577016652955653
2022-08-26,-6.408571655966329
2022-08-27,-1.0832449813926528
2022-08-28,-2.1429934307255603
2022-08-29,3.4134991629983054
2022-08-30,-2.5001327783566967
2022-08-31,1.269662416879395
2022-09-01,0.38518173635346636
2022-09-02,-0.7849479691159277
2022-09-03,-0.6918477935497839
2022-09-04,0.7766470822269511
2022-09-05,-0.8761151996171085
2022-09-06,-5.044806467236071
2022-09-07,2.374515374913594
2022-09-08,0.20460703035366298
2022-09-09,10.086009766789074
2022-09-10,1.3905238413398782
2022-09-11,0.4083651963045384
2022-09-12,2.72421638716643
2022-09-13,-9.728219892342404
2022-09-14,-0.2743968675373791
2022-09-15,-2.703458624126178
2022-09-16,0.36162281734326174
2022-09-17,1.7794492715736767
2022-09-18,-3.581280604750071
2022-09-19,0.6396912022913548
2022-09-20,-3.400047754708742
2022-09-21,-1.8344813515223775
2022-09-22,4.564167754912899
2022-09-23,-0.598857629671097
2022-09-24,-1.8864440709329067
2022-09-25,-0.7149858037088312
2022-09-26,2.2121968157295298
2022-09-27,-0.5850034170169328
2022-09-28,1.6409099157190263
2022-09-29,0.7504185755091534
2022-09-30,-0.7243323491751529
2022-10-01,-0.6178716506548767
2022-10-02,-1.3973887936277964
2022-10-03,2.9974176307344598
2022-10-04,3.570229570277798
2022-10-05,-0.869820607502516
2022-10-06,-1.0234041758595132
2022-10-07,-2.068782806747579
2022-10-08,-0.6687387417161955
2022-10-09,0.15365479891413886
2022-10-10,-1.5805352147087888
2022-10-11,-0.4716403712704758
2022-10-12,0.5549896374470986
2022-10-13,1.1700026522297708
2022-10-14,-1.0228526229371488
2022-10-15,-0.6170546675591737
2022-10-16,1.0458171486817167
2022-10-17,1.4563494131467007
2022-10-18,-1.1127327349328566
2022-10-19,-1.013062189594086
2022-10-20,-0.4492679159130498
2022-10-21,0.621191065339352
2022-10-22,0.18613913940529583
2022-10-23,1.850815095417208
2022-10-24,-1.138130325526839
2022-10-25,3.8050125599863023
2022-10-26,3.3017194358947406
2022-10-27,-2.3607984321621487
2022-10-28,1.5142492579417857
2022-10-29,1.0775490653264772
2022-10-30,-0.8822978719624205
2022-10-31,-0.6799218852899475
2022-11-01,-0.05124320157945651
2022-11-02,-1.603042401585493
2022-11-03,0.2501116490787244
2022-11-04,4.533199824767065
2022-11-05,0.6385182519711848
2022-11-06,-1.687848726805324
2022-11-07,-1.5587859865227252
2022-11-08,-10.542864681146098
2022-11-09,-15.488954817014717
2022-11-10,10.20374090112842
2022-11-11,-3.191845360130116
2022-11-12,-1.389813974738094
2022-11-13,-2.689670498469875
2022-11-14,1.6064732404599078
2022-11-15,1.590431717951544
2022-11-16,-1.2825680370738035
2022-11-17,0.10839194206494296
2022-11-18,0.061462784570234984
2022-11-19,0.08242927596795972
2022-11-20,-2.5436030294420773
2022-11-21,-3.1459062587074142
2022-11-22,2.517471508039186
2022-11-23,2.5667956985737503
2022-11-24,-0.03758636322568928
2022-11-25,-0.4988374895103048
2022-11-26,-0.34899891216231277
2022-11-27,-0.11944668045808346
2022-11-28,-1.3918848240971524
2022-11-29,1.394046411034608
2022-11-30,4.305976658394388
2022-12-01,-1.1802068595367332
2022-12-02,0.713698604580512
2022-12-03,-1.0614234867796273
2022-12-04,1.305884246336571
2022-12-05,-0.9128269217154126
2022-12-06,0.6733035250819497
2022-12-07,-1.4224977832437722
2022-12-08,2.261420008103964
2022-12-09,-0.5838370505888547
2022-12-10,-0.025846420531521353
2022-12-11,-0.143319679738864
2022-12-12,0.595992791230486
2022-12-13,3.2864788730728858
2022-12-14,0.19289306421712124
2022-12-15,-2.562838102102438
2022-12-16,-4.218980898149946
2022-12-17,0.8827572352892032
2022-12-18,-0.2212331171359141
2022-12-19,-1.917645189485355
2022-12-20,2.798870508247228
2022-12-21,-0.5264509420176635
2022-12-22,0.07612154110786702
2022-12-23,-0.19858084288219657
2022-12-24,0.3019956154724899
2022-12-25,-0.03425096739709631
2022-12-26,0.46098559846715376
2022-12-27,-1.204824686837858
2022-12-28,-0.9895050300250239
2022-12-29,0.5408644825519411
2022-12-30,-0.2391695878759684
2022-12-31,-0.3323665649558149
2023-01-01,0.46776063115772304
2023-01-02,0.38057006847047153
2023-01-03,-0.051625489949836234
2023-01-04,1.0934153962035356
2023-01-05,-0.15728177184386805
2023-01-06,0.6820792235553175
2023-01-07,0.018340582830352
2023-01-08,0.799308234902105
2023-01-09,0.6148589187306557
2023-01-10,1.4418133870887373
2023-01-11,2.762115049773119
2023-01-12,5.080318049018759
2023-01-13,5.36492128036686
2023-01-14,5.219244056084203
2023-01-15,-0.4563152777363673
2023-01-16,1.373771995227695
2023-01-17,-0.038332437933474676
2023-01-18,-2.2592831153300663
2023-01-19,1.9055334102897954
2023-01-20,7.26845526110478
2023-01-21,0.44472229944531116
2023-01-22,-0.2514790230431855
2023-01-23,0.937544219856928
2023-01-24,-1.3077079200906103
2023-01-25,2.1043184701323545
2023-01-26,-0.3687148593844675
2023-01-27,0.19930464741650442
2023-01-28,-0.2066314313093378
2023-01-29,3.177133538504421
2023-01-30,-4.009691466595182
2023-01-31,1.3012288539514132
2023-02-01,2.4945734590003954
2023-02-02,-1.067474987736826
2023-02-03,-0.0961136247671562
2023-02-04,-0.5022313742864455
2023-02-05,-1.6254488231275857
2023-02-06,-0.8555376421285297
2023-02-07,2.191019571493288
2023-02-08,-1.406372248400599
2023-02-09,-5.007294792111713
2023-02-10,-0.7722817724904627
2023-02-11,1.0095720621826005
2023-02-12,-0.37871607629455095
2023-02-13,0.09128497942385425
2023-02-14,1.8747466050136214
2023-02-15,8.977000786319627
2023-02-16,-2.855810148156573
2023-02-17,3.9106249426100637
2023-02-18,0.30758236488141916
2023-02-19,-1.280971909443967
2023-02-20,2.040504474431612
2023-02-21,-1.5946381537723795
2023-02-22,-1.0180396881003118
2023-02-23,-1.0027916762018152
2023-02-24,-3.179206740644356
2023-02-25,-0.09812480831641211
2023-02-26,1.6511545833869257
2023-02-27,-0.1628652491694882
2023-02-28,-1.6092730875103014
2023-03-01,2.133680493916368
2023-03-02,-0.7261350209481708
2023-03-03,-4.856242572977136
2023-03-04,-0.04173035221196778
2023-03-05,0.366895467532336
2023-03-06,-0.02565841781915384
2023-03-07,-0.9406138966041635
2023-03-08,-2.283731506113209
2023-03-09,-6.442451332853332
2023-03-10,-0.866965688311379
2023-03-11,2.1812221244110885
2023-03-12,7.160391184533007
2023-03-13,8.77836343684854
2023-03-14,2.241616479750579
2023-03-15,-1.5069419825617956
2023-03-16,2.738772196965048
2023-03-17,9.043081735478726
2023-03-18,-1.6843655914946762
2023-03-19,3.901251239696352
2023-03-20,-0.9728058677075274
2023-03-21,1.4607259457310753
2023-03-22,-3.1304934786025287
2023-03-23,3.690243092144147
2023-03-24,-3.011973318555565
2023-03-25,0.005171583626720892
2023-03-26,1.8008477903471538
2023-03-27,-3.099744005603332
2023-03-28,0.47141000939140926
2023-03-29,3.885339931269162
2023-03-30,-1.116959874133313
2023-03-31,1.5746414888453637
2023-04-01,-0.23712364214005313
2023-04-02,-0.7480171844976413
2023-04-03,-1.4613274150394036
2023-04-04,1.3505585874637829
2023-04-05,0.035120570470588655
2023-04-06,-0.4761257346579407
2023-04-07,-0.422660089629551
2023-04-08,0.07851839396583646
2023-04-09,1.369069252890777
2023-04-10,4.553364675739022
2023-04-11,1.9439489564332186
2023-04-12,-0.31803678161343174
2023-04-13,0.8590133768281546
2023-04-14,0.28457979620181123
2023-04-15,-0.549973716752216
2023-04-16,-0.010359312238552484
2023-04-17,-2.912872327682135
2023-04-18,3.183646099781629
2023-04-19,-5.319953662867234
2023-04-20,-2.021112661928106
2023-04-21,-3.4910877271712444
2023-04-22,1.9624756556398195
2023-04-23,-0.8161741227378502
2023-04-24,-0.23965485595713668
2023-04-25,2.802320777395386
2023-04-26,0.40579258685806124
2023-04-27,3.631313286229464
2023-04-28,-0.4540602889751968
2023-04-29,-0.3132803227884273
2023-04-30,0.06944394889976754
2023-05-01,-4.1052856211014905
2023-05-02,2.0749270291120427
2023-05-03,1.1294600825028724
2023-05-04,-0.5482697825375376
2023-05-05,2.352452363535224
2023-05-06,-2.155362050914689
2023-05-07,-1.5678412319992845
2023-05-08,-2.7097480312589104
2023-05-09,-0.12826051136456093
2023-05-10,-0.13393336115541374
2023-05-11,-2.27376278728039
2023-05-12,-0.7278017155925187
2023-05-13,-0.07804618022563856
2023-05-14,0.5457011385945822
2023-05-15,0.9683688179724161
2023-05-16,-0.5754943306692564
2023-05-17,1.3305949198470446
2023-05-18,-2.0896322938492333
2023-05-19,0.21562704301694635
2023-05-20,0.8865600285434393
2023-05-21,-1.394736681453699
2023-05-22,0.363589557114242
2023-05-23,1.3848962643426161
2023-05-24,-3.3270400187895963
2023-05-25,0.5354526205137629
2023-05-26,0.9139332662057487
2023-05-27,0.556333034484893
2023-05-28,4.430949975360071
2023-05-29,-1.2171112107334787
2023-05-30,-0.15702994220325467
2023-05-31,-1.757779272326509
2023-06-01,-1.4792581991188054
2023-06-02,1.589161106579633
2023-06-03,-0.6422915434419119
2023-06-04,0.16214839752998167
2023-06-05,-5.14103456988918
2023-06-06,5.581511856233619
2023-06-07,-3.332542412080894
2023-06-08,0.6138366063704449
2023-06-09,-0.10508601377400861
2023-06-10,-2.4045314677471934
2023-06-11,0.34340762243438777
2023-06-12,-0.14531650030546536
2023-06-13,0.06263269559741463
2023-06-14,-3.1115354032620144
2023-06-15,1.7819375410116443
2023-06-16,2.89427732653721
2023-06-17,0.693490079320652
2023-06-18,-0.6602603438313832
2023-06-19,1.9359247201741925
2023-06-20,5.3528495285140085
2023-06-21,5.827421320682117
2023-06-22,-0.38377235796951736
2023-06-23,2.584590576815378
2023-06-24,-0.4793067902493928
2023-06-25,-0.22426607224285255
2023-06-26,-0.6884835938176551
2023-06-27,1.3682563415242948
2023-06-28,-1.980891791303767
2023-06-29,1.1865197537731036
2023-06-30,0.10472432791648364
2023-07-01,0.36951443630783326
2023-07-02,0.1002809469143997
2023-07-03,1.7342426317960316
2023-07-04,-1.2234379050443955
2023-07-05,-0.8595533521292817
2023-07-06,-2.0020299639946315
2023-07-07,1.4370909980298059
2023-07-08,-0.16401345457067654
2023-07-09,-0.4012544787339061
2023-07-10,0.8029538805166094
2023-07-11,0.6765948365584515
2023-07-12,-0.7516669538967959
2023-07-13,3.5059117999465745
2023-07-14,-3.6955452769762047
2023-07-15,-0.12621409438578612
2023-07-16,-0.15417915284865275
2023-07-17,-0.34189652941136334
2023-07-18,-0.9643886494910275
2023-07-19,0.19193869502834365
2023-07-20,-0.40836263076462487
2023-07-21,0.3910458253167224
2023-07-22,-0.45891552191319385
2023-07-23,1.0449658783391702
2023-07-24,-3.0633538164858884
2023-07-25,0.17284554802405463
2023-07-26,0.43556533334645975
2023-07-27,-0.49272385842934363
2023-07-28,0.37094442045335474
2023-07-29,0.12840607690722544
2023-07-30,-0.27837737874393065
2023-07-31,-0.15450628224417468
2023-08-01,1.5130233826088442
2023-08-02,-1.7807507516909338
2023-08-03,0.09161807791750279
2023-08-04,-0.3590833546296193
2023-08-05,-0.11000318899209226
2023-08-06,-0.0009347994530765626
2023-08-07,0.4765273802377892
2023-08-08,1.9846386979053392
2023-08-09,-0.6877101417061734
2023-08-10,-0.4471948989328098
2023-08-11,-0.10837469218066252
2023-08-12,0.06206039371356436
2023-08-13,-0.4533340724443713
2023-08-14,0.42776140747162833
2023-08-15,-0.8129120118753778
2023-08-16,-1.6193584838703763
2023-08-17,-7.362412009606191
2023-08-18,-2.3334248653811245
2023-08-19,0.17891559507894222
2023-08-20,0.3571869420107809
2023-08-21,-0.2501958864606914
2023-08-22,-0.354646951925222
2023-08-23,1.5248455549160829
2023-08-24,-1.0239565761125091
2023-08-25,-0.43939924369393174
2023-08-26,-0.15062619864454851
2023-08-27,0.3118365040993392
2023-08-28,0.06305878251208892
2023-08-29,6.024989257085102
2023-08-30,-1.5634289371322936
2023-08-31,-5.132914544958933
2023-09-01,-0.5054814300673318
2023-09-02,0.26349868784771646
2023-09-03,0.3887765541686761
2023-09-04,-0.6069712504034206
2023-09-05,-0.12573014244295708
2023-09-06,-0.1038013801593385
2023-09-07,1.8732105501950571
2023-09-08,-1.2831149860508746
2023-09-09,-0.03851855630789999
2023-09-10,-0.24532679048573475
2023-09-11,-2.626188106748031
2023-09-12,2.6305127952917498
2023-09-13,1.5173852958685845
2023-09-14,1.1800835130971608
2023-09-15,0.25972414093191215
2023-09-16,-0.15199103541191222
2023-09-17,-0.12840741866492755
2023-09-18,0.8260511389751386
2023-09-19,1.6931102662432373
2023-09-20,-0.29114788993918345
2023-09-21,-2.1020467716698095
2023-09-22,0.044915054085552054
2023-09-23,-0.0006686902016047693
2023-09-24,-1.2210127075315798
2023-09-25,0.1585160786217759
2023-09-26,-0.30935695955251363
2023-09-27,0.5153782852789497
2023-09-28,2.506320623495958
2023-09-29,-0.4072674570297436
2023-09-30,0.2085958120685116
2023-10-01,3.6976120856382697
2023-10-02,-1.631914578851585
2023-10-03,-0.36683170659445613
2023-10-04,1.3377719302482878
2023-10-05,-1.3890662255842758
2023-10-06,1.9171883788155935
2023-10-07,0.07955652201821253
2023-10-08,-0.12074286830624696
2023-10-09,-1.2659387727925961
2023-10-10,-0.7009006012591489
2023-10-11,-1.9081220842271782
2023-10-12,-0.434538164717781
2023-10-13,0.39380057832304977
2023-10-14,-0.0024866641728645304
2023-10-15,1.1030760315870678
2023-10-16,4.885439730476576
2023-10-17,-0.36433994327744557
2023-10-18,-0.3080719749687549
2023-10-19,1.3724231161473082
2023-10-20,3.298576898255148
2023-10-21,0.7901299916077795
2023-10-22,0.25198299552359343
2023-10-23,9.8123405529161
2023-10-24,2.4342751787773462
2023-10-25,1.7581001125127034
2023-10-26,-1.0083818433932463
2023-10-27,-0.7253169256571986
2023-10-28,0.5287514961399851
2023-10-29,1.3082482218137432
2023-10-30,-0.10462557765204641
2023-10-31,0.4782938801692802
2023-11-01,2.1952875620689456
2023-11-02,-1.4181643038139047
2023-11-03,-0.5911206955145198
2023-11-04,1.002295869368392
2023-11-05,-0.09365213169939803
2023-11-06,-0.03419870125084872
2023-11-07,1.1526405303600253
2023-11-08,0.5955525293475274
2023-11-09,2.869223982446583
2023-11-10,1.6778346050334039
2023-11-11,-0.47256823184078434
2023-11-12,-0.2251742592082081
2023-11-13,-1.501353705502923
2023-11-14,-2.678435783979465
2023-11-15,6.384619927627836
2023-11-16,-4.662975619066543
2023-11-17,1.214874696667944
2023-11-18,-0.0300085015663709
2023-11-19,2.1653391391504333
2023-11-20,0.24153344549947708
2023-11-21,-4.539262192194837
2023-11-22,4.420138946783627
2023-11-23,-0.3819999415433914
2023-11-24,1.1482880923632481
2023-11-25,0.2026342935600158
2023-11-26,-0.844024984109134
2023-11-27,-0.602017674392167
2023-11-28,1.5367313611233842
2023-11-29,0.07241750284948421
2023-11-30,-0.38571889984724805
2023-12-01,2.555073011462817
2023-12-02,2.0152443138720524
2023-12-03,1.2637770520489717
2023-12-04,4.8856566886563275
2023-12-05,4.882523455973004
2023-12-06,-0.7610515703398493
2023-12-07,-1.0427160036986542
2023-12-08,1.9985683234800238
2023-12-09,-1.0026349184727985
2023-12-10,0.1227688266422679
2023-12-11,-5.966864669683699
2023-12-12,0.4991678164292342
2023-12-13,3.416274957103686
2023-12-14,0.3101461159203954
2023-12-15,-2.5761678809584643
2023-12-16,0.7374628549158558
2023-12-17,-2.094342240847231
2023-12-18,2.9979669511789555
2023-12-19,-0.8316570718615267
2023-12-20,3.2164737244750543
2023-12-21,0.49565656400486136
2023-12-22,0.2930565787194846
2023-12-23,-0.5889392398977759
2023-12-24,-1.6677702596480783
2023-12-25,1.378363164697311
2023-12-26,-2.5374479539831176
2023-12-27,2.146239120434015
2023-12-28,-1.8938483263033619
2023-12-29,-1.247437935200907
2023-12-30,0.1364883236683238
2023-12-31,0.2565328952055138
2024-01-01,4.402166483732666
2024-01-02,1.774260401360504
2024-01-03,-4.806495357875531
2024-01-04,3.0607357718285955
2024-01-05,-0.03900828451526924
2024-01-06,-0.39363041275099797
2024-01-07,-0.10484808007761193
2024-01-08,6.662426635587362
2024-01-09,-1.784541710643821
2024-01-10,1.052203275194838
2024-01-11,-0.5574241147522552
2024-01-12,-7.884262883299366
2024-01-13,-0.025170866418664888
2024-01-14,-2.4720775355358247
2024-01-15,1.6978564046419868
2024-01-16,1.5011364505806484
2024-01-17,-0.9599712825861542
2024-01-18,-3.525390600438047
2024-01-19,0.8599127738074015
2024-01-20,0.11329834535463318
2024-01-21,-0.2879434924556738
2024-01-22,-5.030891028125471
2024-01-23,0.8523584257922188
2024-01-24,0.5793705727985713
2024-01-25,-0.3581157289492955
2024-01-26,4.607657449481696
2024-01-27,0.7224112855396915
2024-01-28,-0.2007256017307645
2024-01-29,2.9364415736914626
2024-01-30,-0.7783744989935841
2024-01-31,-0.8651552809046922
2024-02-01,1.1514890294239741
2024-02-02,0.2552374530244358
2024-02-03,-0.4493245492150753
2024-02-04,-0.9551086228745845
2024-02-05,0.17617075316479283
2024-02-06,0.9936804708699247
2024-02-07,2.822864621028068
2024-02-08,2.1945671282114807
2024-02-09,3.9932995408411602
2024-02-10,1.314996069506419
2024-02-11,1.0881064258583886
2024-02-12,3.388147853165121
2024-02-13,-0.4328588760117502
2024-02-14,4.104684951040893
2024-02-15,0.21560092291083846
2024-02-16,0.42584326097615643
2024-02-17,-0.957802949778828
2024-02-18,0.8855834280713762
2024-02-19,-0.6610163694046542
2024-02-20,0.9719679337319471
